video_id,comment,author,like_count,published_at
V2_GU-0jNfw,"Congratulations ladies. Proud of you.
Hope the men are inspired",@kakskakumbi6856,0,2025-04-28T06:55:29Z
V2_GU-0jNfw,Let's go Arsenal. U can do itâ¤ï¸ğŸ‘Š,@bigzzgub8244,0,2025-04-28T06:50:07Z
V2_GU-0jNfw,ARSENAL women'sâ¤â¤â¤ğŸ§¡ğŸ§¡ğŸ’™ğŸ’™ğŸ’™ğŸ¥°ğŸ¥°ğŸ¥°ğŸ’«ğŸ’«âœŒâœŒâœŒğŸ˜ğŸ˜ğŸ˜ğŸ˜FINAL Champion UCLğŸ’ªğŸ’ªğŸ’ªğŸ’ªğŸ’ªğŸ’ªğŸ’šğŸ’šğŸ’šğŸ’šğŸ’šğŸ’š,@KeremKemow,0,2025-04-28T06:48:45Z
V2_GU-0jNfw,If men beat psg i wonder if that's ever happened before. Both men and women's club side in ucl final same season.,@rogerparker9228,0,2025-04-28T06:47:27Z
V2_GU-0jNfw,That Lyon goalscorer thoughâ€¦,@chidikesamuelson9432,0,2025-04-28T06:36:40Z
V2_GU-0jNfw,Great job ladies. Proud of y'all ğŸ”¥ğŸ”¥ğŸ”¥,@tyrannusrex8906,0,2025-04-28T06:32:21Z
V2_GU-0jNfw,"Well done ladies, I'm so proud",@its_YZee,0,2025-04-28T06:31:01Z
V2_GU-0jNfw,"Great match. Allesia + Mariona fantastic of course, but yet again Foord is the Gunners secret weapon! And van Domselaar - what a goalie!",@SparkiiSpark,0,2025-04-28T06:30:19Z
V2_GU-0jNfw,barcelona champions 2025,@Papa_junior-1987,0,2025-04-28T06:15:29Z
V2_GU-0jNfw,Mmmm nice arsenal women,@KestonNGUBO,0,2025-04-28T06:14:44Z
V2_GU-0jNfw,"I was not expecting this, what a performance by Arsenal.",@DolFunVtuber,0,2025-04-28T06:12:47Z
V2_GU-0jNfw,Win it girlsğŸ‰,@johnpickford5523,0,2025-04-28T06:10:39Z
V2_GU-0jNfw,Coyg,@Afrowhite_gooner,0,2025-04-28T06:05:09Z
V2_GU-0jNfw,Barca tetep beda level sih,@berlin_7301,0,2025-04-28T06:04:31Z
V2_GU-0jNfw,COYG â¤â¤â¤,@grgpuzan5205,0,2025-04-28T06:02:56Z
V2_GU-0jNfw,Just incredible ğŸ˜®,@Afrowhite_gooner,0,2025-04-28T06:02:36Z
V2_GU-0jNfw,la defense est vraiment zero !les buts d' arsenal viennent de grosses erreure lyonnaise...,@christophehuet5944,0,2025-04-28T05:57:08Z
V2_GU-0jNfw,06:42 ğŸ˜‚ğŸ˜‚ğŸ˜­,@danielnowak2958,0,2025-04-28T05:42:28Z
V2_GU-0jNfw,this is the real REmontada looks like...,@santemedical6802,0,2025-04-28T05:42:19Z
V2_GU-0jNfw,the defending is an absolute joke,@jonnyhawkins7744,1,2025-04-28T05:40:43Z
V2_GU-0jNfw,2-1 deficit? No problem! Someone extend Mariona's contract as well.. she only scores bangers!!,@spookybizzle,0,2025-04-28T05:36:18Z
V2_GU-0jNfw,Arsenal men and women will lift the champions league trophy this year. I dreamt of this year's back,@uchempu352,0,2025-04-28T05:34:10Z
V2_GU-0jNfw,Lyon cant catch a break ğŸ˜‚,@Ebi.Adonkie,0,2025-04-28T05:28:04Z
V2_GU-0jNfw,Alessia Russo one lf my Favorite player In final Against my Favorite club ğŸ’™â¤ FC Barcelona ğŸ¤,@just.everythings11,2,2025-04-28T05:23:42Z
V2_GU-0jNfw,"Mariona against his Former Club in Final Fc Barcelona 
ğŸ’™â¤ğŸ¤â¤ğŸ¤",@just.everythings11,0,2025-04-28T05:22:54Z
V2_GU-0jNfw,Remontada,@Erdovanne,0,2025-04-28T05:20:52Z
V2_GU-0jNfw,"An eye for the ball, aggression, composer shooting when needed and mature this women team  needs  it ğŸ†",@psalmkaris741,0,2025-04-28T05:19:02Z
V2_GU-0jNfw,BARCELONA Favorite Club in Final against The club i really Like Arsenal,@just.everythings11,0,2025-04-28T05:18:58Z
V2_GU-0jNfw,"My excitement is beyond words, I never thought Gunners have such a women team!!",@awtachewraya2890,2,2025-04-28T05:18:57Z
V2_GU-0jNfw,"Seems like Arsenal men and women teams, both are winning their respective UCLs this season",@sinovicks3768,1,2025-04-28T05:16:25Z
V2_GU-0jNfw,"Niveau catastrophique de la dÃ©fense de Lyon. TrÃ¨s mauvais jour de l'OL, les attaquantes Ã©taient amorphes mais les dÃ©fenseuses Ã©taient encore pire. Arsenal a largement mÃ©ritÃ© sa qualification. Barcelone sera un cran au-dessus en finale, je n'imagine pas Arsenal battre Barcelone mais je leur souhaite de gagner car c'est beau de voir un challenger battre un gros club quasi invincible",@nicolasosheridan7183,0,2025-04-28T05:15:18Z
V2_GU-0jNfw,Russo reminds me of Prime Fernando Torres.,@brianwahinya1245,0,2025-04-28T05:13:45Z
V2_GU-0jNfw,"Imagine...CHAMPIONS LEAGUE FINAL:
ARSENAL WOMEN'S vs BARCELONA WOMEN'S â¤ ğŸ”¥
ARSENAL MEN'S vs BARCELONA MEN'S â¤ ğŸ”¥",@KiyetoJakhalu-h7l,0,2025-04-28T05:07:12Z
V2_GU-0jNfw,Mariona...phantastic and most important goal in this game,@peter-andreaskamphausen1580,3,2025-04-28T05:02:00Z
V2_GU-0jNfw,""" The Gunners vs BarÃ§a FemenÃ­ ""

May the Best Team Emergeâ¤â¤",@KiyetoJakhalu-h7l,0,2025-04-28T05:01:00Z
V2_GU-0jNfw,remontada!!!!!!!!!!!!!!!!!!!!!!!!!!!!!!!!!!!!,@vagaru,0,2025-04-28T05:00:42Z
V2_GU-0jNfw,Mariona is a true ballerğŸ‰,@ImanuelNakwakiru,0,2025-04-28T04:58:58Z
V2_GU-0jNfw,no andre zinsberger onana = win,@ray-c7n4e,0,2025-04-28T04:54:58Z
V2_GU-0jNfw,"Well done, Arsenal. What a match.   Russo wants to create something beautiful.",@Allison-s6p,152,2025-04-28T04:39:32Z
V2_GU-0jNfw,The arsenal manager ğŸ«¡,@jackywong5091,0,2025-04-28T04:38:28Z
V2_GU-0jNfw,Terrific performance !â¤,@jetlifari,0,2025-04-28T04:26:17Z
V2_GU-0jNfw,"Admin, please available for my country. Please fix it, from Malaysia ğŸ‡²ğŸ‡¾ ğŸ˜¢â¤ğŸ™ğŸ»",@imisskahi,0,2025-04-28T04:22:03Z
V2_GU-0jNfw,if Arsenal mens and womens with the CL i''ll get a big gunners emblem tattooed on my chest,@kovaci0000007,0,2025-04-28T04:19:30Z
V2_GU-0jNfw,Barca will demolish  them in the final  and     shut up gobby mccabe and kelly up,@DavidBroadley-tw7ks,1,2025-04-28T04:17:18Z
V2_GU-0jNfw,"The significance of the number 5 is something to really think about this season! I gotta admit first things first that I donâ€™t watch the womenâ€™s football, not that I donâ€™t want to but thereâ€™s no streaming service that stream womenâ€™s sports except for UFC(I mean there are but one subscription is enough for me). Iâ€™m saying this because I might miss some important match where we won 5 goals up too.

Anyway, every important match we win by scoring 5 goals! 
We beat Man City by 5 goals, after Haalandâ€™s unnecessary words to Arteta and MLS.

We Beat Real Madrid and their Ramontada 5-1, again important match even by putting whatâ€™s at stake aside, these two matches are where rival fans barks the most!

Now the WFC also won 3-0 against Madrid and I might be reaching here but the total score was 5 with Madridâ€™s 2 goals in first leg. And now our women won 5goals up again.

And the postcode of course, N5!",@grandefrppc,2,2025-04-28T04:15:10Z
V2_GU-0jNfw,"Arsenal played well and deserved to win, but omfg did Lyon play badly.  I've never seen such a poor, discombobulated, uncomposed & strange performance from this Lyon team... even their last 5-1 loss to Arsenal wasn't as bad.  Did they all go out partying Saturday night?",@bd9531,0,2025-04-28T04:13:16Z
V2_GU-0jNfw,teach real madrid how to do a remontada,@gayamotor1825,0,2025-04-28T04:04:03Z
V2_GU-0jNfw,"First the Spanish and then the french, something wrong is right here ğŸ˜‘",@lignbanal,0,2025-04-28T04:00:02Z
V2_GU-0jNfw,Renee you have rocked my world! ğŸ˜…ğŸ˜,@paulie4450,0,2025-04-28T03:54:31Z
V2_GU-0jNfw,à¸ªà¸¸à¸”à¸¢à¸­à¸”,@Amir00076,0,2025-04-28T03:54:08Z
V2_GU-0jNfw,Ğ¼Ğ°Ñ€ÑŒÑ Ğ¸Ğ²Ğ°Ğ½Ğ¾Ğ²Ğ½Ğ° ÑƒĞ´Ğ°Ñ€Ñ‹ Ñ€Ğ°Ğ¹ÑĞ° Ğ¿ĞµÑ€ĞµÑĞ¼Ğ°Ñ‚Ñ€Ğ¸Ğ²Ğ°Ğ»Ğ°,@asset1014,0,2025-04-28T03:47:09Z
V2_GU-0jNfw,Mariona vs Barcelona ğŸ’™â¤.. Amazing final.. Barcelona is the best club in the World..,@Ulfairah03,1,2025-04-28T03:45:53Z
V2_GU-0jNfw,Congratulations Ladies what comeback what a win COYG,@Arrowhead707,0,2025-04-28T03:44:54Z
V2_GU-0jNfw,ğŸ‰ğŸ˜ŠğŸ˜Š,@Carlytongid,0,2025-04-28T03:40:29Z
V2_GU-0jNfw,Russo keeps getting better arsenal should compensate us ğŸ˜‚,@aricodestiny9979,0,2025-04-28T03:36:54Z
V2_GU-0jNfw,Cup will come to fc Barcelona homeâ¤ï¸ğŸ’™,@prajwalbhattarai5276,0,2025-04-28T03:32:06Z
V2_GU-0jNfw,Till the end Gunners ğŸ’ªğŸ‰,@chrislamb25,0,2025-04-28T03:30:26Z
V2_GU-0jNfw,This is ARSENAL â¤â¤â¤,@EmaLee418,2,2025-04-28T03:25:50Z
V2_GU-0jNfw,In Mens version Arsenal are waiting from another French clubğŸ˜‚ğŸ˜‚ğŸ˜‚,@subhasgram,0,2025-04-28T03:24:40Z
V2_GU-0jNfw,So so proud of our Girls ğŸ‘Š,@peterstylianou3827,1,2025-04-28T03:24:14Z
V2_GU-0jNfw,Quando a Kelly joga os 90 minutos o Arsenal se torna imbatÃ­vel. ğŸ‘‘ğŸ‘Š,@tioeurico,4,2025-04-28T03:18:44Z
V2_GU-0jNfw,Don't worry Barcelona waiting for you,@Firdosax3h,0,2025-04-28T03:11:26Z
V2_GU-0jNfw,SO PROUD,@mwevin,0,2025-04-28T03:10:49Z
V2_GU-0jNfw,"Com on Arsenalâ¤ Mariona,Fox n Russo ...3 Arsenal best player!",@Belacak,0,2025-04-28T03:08:52Z
V2_GU-0jNfw,Vamos meu arsenal,@dandarigarcez,0,2025-04-28T03:00:35Z
V2_GU-0jNfw,Odegaard should learn from mariona how to shoot from out of the box.,@muhammadhanif4113,0,2025-04-28T02:52:43Z
V2_GU-0jNfw,Coyg,@aneeshvarghese9200,0,2025-04-28T02:48:34Z
V2_GU-0jNfw,Easiest match so far.,@45-guanghimpougonmei44,0,2025-04-28T02:43:08Z
V2_GU-0jNfw,"Arsenal basically beat a Real Madrid of female football.
Congratulations girl, this is the real remontada ğŸ”¥ğŸ”¥ğŸ‘ğŸ‘ğŸ’ª",@angeleechae,0,2025-04-28T02:26:55Z
V2_GU-0jNfw,"wow that Lyonnais #21 defender was the cause of 3 Arsenal goals, horrible",@44andye,0,2025-04-28T02:24:50Z
V2_GU-0jNfw,Congrats to our ladies what a season for them now our men's team need to beat psg n make it a all arsenal affair C.O.Y.G,@dunwaweru6367,0,2025-04-28T02:15:09Z
V2_GU-0jNfw,Quite sad after our performance v Barcelona but youâ€™ve done London and England proud. Well done.,@StephenStephens-jy9jj,1,2025-04-28T02:12:31Z
V2_GU-0jNfw,Arsenal Womens and Mens to take out both CL trophies! Let's make history!!!!,@yourdisservice,2,2025-04-28T02:11:15Z
V2_GU-0jNfw,"that's how you do the comeback!! up to the next, gunners <3",@nextdaysparty,0,2025-04-28T02:10:00Z
V2_GU-0jNfw,"Arsenal men crushes Real Madrid's remontada screams and the women team showing Real how it's done, ğŸ¤£ğŸ¤£ğŸ¤£",@amirulshazarin3698,0,2025-04-28T02:02:00Z
V2_GU-0jNfw,"Congratulations ladies 
Baffled me how City let Chloe Kelly dried out of the first team and couldnâ€™t even get a look in. Now city has the defender playing on the wing. 
COYG",@brentondinham765,0,2025-04-28T01:53:46Z
V2_GU-0jNfw,Can really be Barcelona vs Arsenal on both woman and man UCL Final this year ğŸ«£,@yesbabyyes2122,0,2025-04-28T01:52:52Z
V2_GU-0jNfw,Congratulations ğŸŠ Arsenal Woman â¤ï¸ from Cambodia ğŸ‡°ğŸ‡­â¤ï¸,@NamrongBon,3,2025-04-28T01:51:06Z
V2_GU-0jNfw,"Remontada ğŸ”¥ğŸ”¥ğŸ”¥ what a performance, girls !",@NayZhong,2,2025-04-28T01:48:12Z
V2_GU-0jNfw,Its time for the boys coyg,@NitinDurbarry,0,2025-04-28T01:42:38Z
V2_GU-0jNfw,Comeback is realâ¤â¤â¤â¤â¤,@knotknot7776,0,2025-04-28T01:38:54Z
V2_GU-0jNfw,unbelievable arsenal women! arsenal vs barca at final will be great to watch... can't wait,@medroastt9888,1,2025-04-28T01:35:22Z
V2_GU-0jNfw,REMONTADA,@TheChibii,0,2025-04-28T01:34:47Z
V2_GU-0jNfw,Advance Congratulations to Barcelona â¤ï¸ğŸ’™,@nagendrakathula,0,2025-04-28T01:33:41Z
V2_GU-0jNfw,What an amazing comeback!,@SulymanRidwanBolakale,4,2025-04-28T01:31:16Z
V2_GU-0jNfw,"1) Assnal have never won the UWCL because, the UWCL was created in 2009.
2) FARMERlona are going to embarrass Assnal in the Final.",@RealPearlMania,0,2025-04-28T01:31:05Z
V2_GU-0jNfw,COYG Proud of the gals,@vb_boyzz,2,2025-04-28T01:29:20Z
V2_GU-0jNfw,Imagine if Arsenal manage to pull off the CL double? One can dream :),@williams6334,2,2025-04-28T01:27:17Z
V2_GU-0jNfw,"What a match, well done Arsenal.  Russo's goal a thing of beauty.",@anaconda7184,7,2025-04-28T01:24:03Z
V2_GU-0jNfw,That 3rd goal was pure comedy,@samuelihejirika4203,0,2025-04-28T01:22:46Z
V2_GU-0jNfw,Gunners are always Gunners,@cawaaleyusuf3645,0,2025-04-28T01:21:45Z
V2_GU-0jNfw,Congratulation. RUSSOOOOOOOOOOOOOOOOO.....ğŸ¥°ğŸ¥°ğŸ¥°ğŸ¥°,@Dr.RamesworMaharjan,1,2025-04-28T01:20:20Z
V2_GU-0jNfw,"#REMONTADA 
Finalist Arsenalfwc
We bring it home, it ours 2025.",@big615fx,0,2025-04-28T01:20:05Z
V2_GU-0jNfw,Give it the trophy to barcelona,@maycruz6704,0,2025-04-28T01:16:18Z
V2_GU-0jNfw,COYGâ¤ï¸ğŸ¤,@Bigm_hunna,0,2025-04-28T01:14:59Z
V2_GU-0jNfw,"Two defending champions ( men side and the women side) all eliminated by Arsenal ..... Wow my revenge is one the way because on the 2006 UCL final, I betted with my school fees and lost so if Arsenal (both the men and women) to win it against FC Barcelona will be revenge worth waiting for. COYG â¤â¤â¤â¤â¤â¤",@michaelamponsahkonadu4617,0,2025-04-28T01:13:45Z
V2_GU-0jNfw,Barcelona vs Arsenal for womenâ€™s & menâ€™s final. Getting revenge twice will be soo sweet #COYG,@SwelihleMangwe,1,2025-04-28T01:12:53Z
V2_GU-0jNfw,Quel honte!,@CapcinePatrick-rc9nr,0,2025-04-28T01:08:14Z
V2_GU-0jNfw,â¤â¤â¤,@à¹€à¸›à¸²à¸¨à¸¸à¸ à¹‚à¸Šà¸„-à¸Œ8à¸Š,0,2025-04-28T00:52:05Z
V2_GU-0jNfw,ğŸ”¥ğŸ”¥ğŸ”¥,@3llakk,0,2025-04-28T00:46:10Z
V2_GU-0jNfw,â¤â¤â¤â¤,@ebenezerpatrick1999,0,2025-04-28T00:45:27Z
V2_GU-0jNfw,Ya gunners âœŠğŸ¼,@imranibrahim5386,1,2025-04-28T00:45:08Z
V2_GU-0jNfw,Well done Ladies. â¤â¤â¤,@chenwhyeming8296,2,2025-04-28T00:44:46Z
V2_GU-0jNfw,La ligne dÃ©fensive de l'Ã©quipe Lyonnaise n'Ã©tait pas au rendez-vous.,@JeanMichelValmont,0,2025-04-28T00:43:22Z
V2_GU-0jNfw,Wow.... possibility of double European champion,@kamalsyed3729,1,2025-04-28T00:41:19Z
V2_GU-0jNfw,Mariona & Allesia's Goals are just insane. the trickery they pulled and intricacies they faced are mind boggling. World Class Arsenal and it just goes to show. Foord with another fantastic show. â™¥,@itsyunggrave,44,2025-04-28T00:39:06Z
V2_GU-0jNfw,was that Foord almost on the ground & still managing an assist for the goal?-brilliance,@MrByrdbath,1,2025-04-28T00:34:50Z
V2_GU-0jNfw,"Yes ladies! What a fightback, against a legendary side, the current holders, and in the away leg!!!!!!",@jay2xdam,3,2025-04-28T00:33:47Z
V2_GU-0jNfw,"Uwoooooow, Arsenal Women doing so great!!!!!",@rahmath.5629,1,2025-04-28T00:30:46Z
V2_GU-0jNfw,"Well done Arsenal W, although they did have the easier draw of the two English Clubs and they did get lucky at times, but took the chances presented them well.
Sadly, this is as far as Arsenal W are going to get.
Barcelona are far too strong for them, but they have done VERY well to get to the Final.",@neoxenon2976,0,2025-04-28T00:29:34Z
V2_GU-0jNfw,DVD playing im sure Arsenal could win any match. Please dont play Zingerburger anymore.,@srykextraodinairecreation9962,0,2025-04-28T00:28:27Z
V2_GU-0jNfw,come on boys,@Kessoku,0,2025-04-28T00:19:39Z
V2_GU-0jNfw,end of era lyonnnnnğŸ˜‚ğŸ˜‚ğŸ˜‚ğŸ˜‚ğŸ˜‚ğŸ˜‚,@irwancbr7377,0,2025-04-28T00:17:15Z
V2_GU-0jNfw,All the. Best arsenal,@QwertyyuiopZxvbnnm,0,2025-04-28T00:14:34Z
V2_GU-0jNfw,"Semifinal femina Masuk final, tinggal nunggu arsenal laki laki masuk final,,",@adel8798,0,2025-04-28T00:14:16Z
V2_GU-0jNfw,à¹€à¸à¹ˆà¸‡à¸¡à¸²à¸  à¸¥à¸¹à¸à¸ªà¸²à¸§à¸‚à¸­à¸‡à¸œà¸¡,@jozebom,1,2025-04-28T00:14:06Z
V2_GU-0jNfw,Come back Queens,@felixeigbefo5384,1,2025-04-28T00:05:57Z
V2_GU-0jNfw,Arsenal clubs are doing well this season we need a cup,@BashirMbongo,0,2025-04-28T00:02:52Z
V2_GU-0jNfw,"Admin, can u please trim d videos a little, thank you",@eniyeikporo,0,2025-04-28T00:02:45Z
V2_GU-0jNfw,I knew they can do it. They have better players.,@AntiChannel1,1,2025-04-28T00:02:01Z
V2_GU-0jNfw,Fan to from Vietnam,@MloDen-x9l,1,2025-04-27T23:57:41Z
V2_GU-0jNfw,Buat fans arsenal jangan lupa merayakan prestasi juara 2 bertubi tubi,@bajaba4843,0,2025-04-27T23:51:33Z
V2_GU-0jNfw,"Barcelona menunggu di final,, sama halnya dengan para lelaki di final liga Champions",@LahNgapa-t7s,0,2025-04-27T23:51:31Z
V2_GU-0jNfw,"Congratulations to the Arsenal ladies âšªğŸ”´
We are really proud of you guys.
Hope the men can do the same and both team win it all.
COYGğŸ’ªğŸ¾",@tayoakingold104,24,2025-04-27T23:50:08Z
V2_GU-0jNfw,"I love these girls, I love this Team COYG â¤ï¸ğŸ¤",@jasondave1976,0,2025-04-27T23:49:57Z
V2_GU-0jNfw,And then arsenal men to final,@adekurniawan3709,0,2025-04-27T23:49:15Z
V2_GU-0jNfw,What a performance. Well done!!,@likethenina,1,2025-04-27T23:41:57Z
V2_GU-0jNfw,OK you beat Lyon but you have to face the great team of Barcelona .and PSG should be to strong  for the mens team.,@stewartgrant7724,0,2025-04-27T23:40:42Z
V2_GU-0jNfw,"IncreÃ­ble, se cayÃ³ el Lyon.  Es como la caÃ­da del Real Madrid, porque ellas eran el equipo mÃ¡s dominante de la competencia",@gabrielgarcia6336,0,2025-04-27T23:40:27Z
V2_GU-0jNfw,"Congratulations, we also hope our menâ€™s team do the equivalent, well doneğŸ‘ğŸ‰",@fastrack1418,0,2025-04-27T23:34:55Z
V2_GU-0jNfw,"beat france team in semi, face barca at final. hope men team can follow the same",@MuhammadFarhan-kd6ln,0,2025-04-27T23:33:43Z
V2_GU-0jNfw,"Gille oof, nightmare type game.",@kennethuyabeme,0,2025-04-27T23:33:17Z
V2_GU-0jNfw,"I enjoyed the come back, well playedğŸ‘ğŸ‘got into the game from the whistleğŸ‘",@nudgenudge4603,5,2025-04-27T23:33:06Z
V2_GU-0jNfw,"Chelsea won bÃ¡ Ä‘áº¡o Anh, ra C1 thÃ¬ yáº¿u quÃ¡",@Minhdanhvlog11,0,2025-04-27T23:22:54Z
V2_GU-0jNfw,The quality of womens football is terrible. Convince me otherwise,@gibbatron69,0,2025-04-27T23:22:35Z
V2_GU-0jNfw,All the haters who were dissing the league just coz Chelsea got trounced ğŸ˜‚,@ghsense2626,1,2025-04-27T23:18:46Z
V2_GU-0jNfw,I wouldn't be so invested in the women's game if it wasn't for Arsenal. Love these ladies what an inspiration,@100Provar,28,2025-04-27T23:17:56Z
V2_GU-0jNfw,"Congrats lads, Alot of EducationğŸ“ input. in your Game, text book passes,..on the other side  Li women were just running towards different directions of the wind! COYGğŸ’ª.. we don't negotiate, we actğŸ˜",@Ricky_J44,0,2025-04-27T23:16:58Z
V2_GU-0jNfw,Arsenal is cooking some rice ğŸš this season,@kofirandy,0,2025-04-27T23:16:54Z
V2_GU-0jNfw,Well done ladies.unbelievable performance,@RichardMorrison-k3x,1,2025-04-27T23:16:52Z
V2_GU-0jNfw,Amazing,@sharde8581,1,2025-04-27T23:14:32Z
V2_GU-0jNfw,ğŸ‰ğŸ‰,@michaelthevisionary,0,2025-04-27T23:13:28Z
V2_GU-0jNfw,Arteta needs Russo..,@richardgodwin6398,0,2025-04-27T23:12:36Z
V2_GU-0jNfw,"UEFA Youth league: Trobzonspor vs Barcelona 
UEFA Womens Champions league: Asenal vs Barcelona
UEFA 
Champions league: Arsenal vs Barcelona???",@lidya39,2,2025-04-27T23:10:18Z
V2_GU-0jNfw,Barcelona will conquer,@awofodutemitayo3340,0,2025-04-27T23:09:17Z
V2_GU-0jNfw,Lyon gifting Arsenal left right and centre.,@ExPoser-m2b,0,2025-04-27T23:08:58Z
V2_GU-0jNfw,Arsenal,@AdyRizky-h6m,0,2025-04-27T23:07:46Z
V2_GU-0jNfw,â¤â¤â¤â¤â¤â¤â¤â¤,@VukaniMde,1,2025-04-27T23:06:48Z
V2_GU-0jNfw,Defenders look confidence when the goaly is dvd. Never put zinberger start again in big match,@Pujaanggara_,0,2025-04-27T23:04:31Z
V2_GU-0jNfw,Even the feminine team knows how to defendğŸ˜‚,@gabrielnajah9329,1,2025-04-27T23:03:20Z
V2_GU-0jNfw,Unbelievable comeback from Arsenal women â¤ï¸,@basketburger,1,2025-04-27T23:02:19Z
V2_GU-0jNfw,ChÃºc má»«ng,@haungo6567,2,2025-04-27T23:01:54Z
V2_GU-0jNfw,So proud of our ladies.....COYG â¤ï¸,@HenryJSlim,1,2025-04-27T23:00:28Z
V2_GU-0jNfw,Comeback queens â¤,@Gizzystigernutjuice,2,2025-04-27T23:00:03Z
V2_GU-0jNfw,watch out PSG. U in danger..ğŸ”¥ğŸ”¥ğŸ”¥ this season is ARSENAL SEASON,@weplay2350,0,2025-04-27T22:59:25Z
V2_GU-0jNfw,"wow arsenal comeback, wp",@DeBuDDi,0,2025-04-27T22:58:17Z
V2_GU-0jNfw,beating the almighty barca women is gonna be hella huge task. COYG,@whyahh,0,2025-04-27T22:57:42Z
V2_GU-0jNfw,à¸ªà¸¸à¸”à¸¢à¸­à¸” à¸„à¸±à¸¡à¹à¸šà¹‡à¸„,@à¸à¸´à¸•à¸•à¸´à¸¨à¸±à¸à¸”à¸´à¹Œà¸¨à¸±à¸à¸”à¸´à¹Œà¸¨à¸£à¸µà¸à¸¥à¸¡,1,2025-04-27T22:57:01Z
V2_GU-0jNfw,Proud â¤ï¸ğŸ¤ğŸ†,@kingkenzokwansa,1,2025-04-27T22:56:06Z
V2_GU-0jNfw,Erreur dÃ©fenseuse,@JanelJeanjulien,0,2025-04-27T22:55:07Z
V2_GU-0jNfw,Congratulations ladies for the greatest come back â¤â¤â¤,@philkonbenco3197,1,2025-04-27T22:54:34Z
V2_GU-0jNfw,Men final is the same as women final Barcelona and Arsenal but Barcelona has the upper hand,@philkonbenco3197,0,2025-04-27T22:51:54Z
V2_GU-0jNfw,Barsa elimino al mejor equipo de Inglaterra y el arsenal al mejor equipo de Francia,@jhonjabercamayohenao6228,0,2025-04-27T22:50:47Z
V2_GU-0jNfw,Well done ladies â¤,@richardpetty6088,1,2025-04-27T22:49:34Z
V2_GU-0jNfw,COYG â™¥,@ruthlevy3946,1,2025-04-27T22:48:31Z
V2_GU-0jNfw,McCabe stopped that shot in front of the goal with her head without fear; it looked like a cyborg was defending our goal post. Hahaha... Crazy.,@Uda007,4,2025-04-27T22:45:08Z
V2_GU-0jNfw,Ramondada queensğŸ‰ğŸ‰ğŸ‰,@prosperousafrica,1,2025-04-27T22:44:00Z
V2_GU-0jNfw,Â¡QuÃ© manera de cometer errores las del Olympique Lyonnais! Â¡Campeonas del campoenato de errores!,@ManuelJerezKlopfer,0,2025-04-27T22:43:09Z
V2_GU-0jNfw,"Remontada, fixx...â¤â¤â¤",@fgrdfr3627,0,2025-04-27T22:39:33Z
V2_GU-0jNfw,"So happy that Arsenal made it to the final.
While its true that Barcelona is a different story, a final has its own rules. Barcelona recently lost to Real Madrid and also to Manchester City at the beginning of the Champions League group stage, so anything is possible.",@lassam333,0,2025-04-27T22:39:03Z
V2_GU-0jNfw,coyg,@difahilaga2889,0,2025-04-27T22:38:18Z
V2_GU-0jNfw,"ARSENAL W VS BARCELONA W
ARSENAL M  VS  BARCELONA  M 
FINAL CHAMPIONS LEAGUE",@suldanaction3292,0,2025-04-27T22:35:57Z
V2_GU-0jNfw,Matan mu have made us proud!,@YahayaAhmed-h1x,0,2025-04-27T22:35:39Z
V2_GU-0jNfw,ğŸ˜³ they did it wow,@lieutenantcolombo1758,1,2025-04-27T22:35:30Z
V2_GU-0jNfw,Both of Arsenal team are beat up the King and Queen of UCLğŸ˜‚ğŸ˜‚,@Apinn-v1u,0,2025-04-27T22:33:46Z
V2_GU-0jNfw,Commentators not got a clue the first shot we see is straight at keeper and we hear world class save then she comes for a corner fs it and not a word,@scottbrown3884,0,2025-04-27T22:33:30Z
V2_GU-0jNfw,â¤â¤â¤â¤â¤ğŸ‰,@tunrayoalabi5008,0,2025-04-27T22:30:24Z
V2_GU-0jNfw,Very bad goal keeper on the first goalâ€¦ on the second oneâ€¦ bad placement and very slowâ€¦ and for a final gift from the defenderâ€¦ no words to addâ€¦ a total waste of effort to reach the semi finalsâ€¦ what the fâ€¦ happened to Lyon?,@Jaxes-g9l,1,2025-04-27T22:30:17Z
V2_GU-0jNfw,#Remontada ğŸ”¥ğŸ”¥ğŸ”¥ğŸ”¥ğŸ”¥ğŸ”¥ğŸ”¥ğŸ”¥â™¥â™¥â™¥â™¥â™¥â™¥ #COYG,@reubenraphael3586,1,2025-04-27T22:30:14Z
V2_GU-0jNfw,Â¡Felicidades Arsenal!!! Â¡Nos vemos en Lisboa el 24 de mayo!!!,@Henry_Kojo,4,2025-04-27T22:29:38Z
V2_GU-0jNfw,Easy win for Barcelona in final ğŸ‰,@bertosantiago6770,1,2025-04-27T22:28:38Z
V2_GU-0jNfw,Arsenal male and female team are likely the champions this season,@emekaboscojr,0,2025-04-27T22:28:34Z
V2_GU-0jNfw,Mariona learnt rice's shooting ğŸ˜‚ğŸ˜‚ğŸ˜‚,@boluwatifeemmanuel4737,0,2025-04-27T22:27:39Z
V2_GU-0jNfw,congrats to Arsenal,@andystreet1479,0,2025-04-27T22:26:59Z
V2_GU-0jNfw,It looks like Arsenal wanted that game more than Lyon.,@jacquesstephen777,0,2025-04-27T22:26:58Z
V2_GU-0jNfw,â¤â¤â¤â¤â¤,@adityabayuwardani5467,1,2025-04-27T22:25:02Z
V2_GU-0jNfw,Mariona Caldentey es una jugadora de talla mundial. Marca la diferencia tanto en la selecciÃ³n espaÃ±ola como en el Arsenal. Puede ser BalÃ³n de Oro este aÃ±o,@javiermarquez9098,0,2025-04-27T22:22:58Z
V2_GU-0jNfw,Kelly's deal should be made permanent,@naijafutboltv8704,0,2025-04-27T22:22:31Z
V2_GU-0jNfw,Just be quiet about the guys.The girls deserve 100 per cent praise to them selfs.The most underated player deserves her own praise.WELL PLAYED KATIE ğŸ˜,@duncanlewis5706,0,2025-04-27T22:18:40Z
V2_GU-0jNfw,Muy bien Arsenal. Ahora a ganar al farsa ğŸ˜‰,@anngg937,1,2025-04-27T22:18:35Z
V2_GU-0jNfw,Class,@jumpysalmon,1,2025-04-27T22:18:15Z
V2_GU-0jNfw,Coyg!!!!!!!!,@mohsinali-10,0,2025-04-27T22:12:48Z
V2_GU-0jNfw,"Yesssss....
Saya sangat senang sekaliiiiâ¤â¤â¤â¤",@DoniDamara-l5t,1,2025-04-27T22:12:43Z
V2_GU-0jNfw,Daphine how i have loved you recently,@moptertianship4609,0,2025-04-27T22:12:42Z
V2_GU-0jNfw,Daphine can i ..... Pleaseeeee,@moptertianship4609,0,2025-04-27T22:10:43Z
V2_GU-0jNfw,"Disappointed for OL, only one goal. Congrats Arsenal.",@WeekendMuse,0,2025-04-27T22:10:12Z
V2_GU-0jNfw,COYG! <3,@x_kelly_potter_x,1,2025-04-27T22:09:35Z
V2_GU-0jNfw,I want reene to be be my wife,@moptertianship4609,0,2025-04-27T22:07:45Z
V2_GU-0jNfw,"So so proud of arsenal. Amazing come
Back. I was scared to watch â€¦ incredible. Caitlin Foord - mother big contribution. 2 open top buses down upper street. COYG",@suzannesmith9955,2,2025-04-27T22:06:28Z
V2_GU-0jNfw,Imagine Arsenal male and female team winning the champions league this year ğŸ˜‚ what a sweet story,@dagogopepple8260,0,2025-04-27T22:05:59Z
AtKJV6Gjzag,COYGâ¤,@Pwnziillaaaa,0,2025-04-28T06:56:32Z
AtKJV6Gjzag,Trop d'erreurs de l'OL. Ã€ ce niveau Ã§a ne pardonne pas. Les buts 3 et 4 c'est cadeau.,@DavidLangenfeld-p6t,0,2025-04-28T06:42:02Z
AtKJV6Gjzag,Go go my girls â¤ğŸ‰ğŸ‰ğŸ‰ğŸ‰ğŸ‰ğŸ‰,@kennyken6887,0,2025-04-28T06:25:11Z
AtKJV6Gjzag,Pourquoi Ã©tait il impossible de voir ce match hier sur la chaÃ®ne youtube alors que tous les mÃ©dias annonÃ§aient dazn en seul diffuseur de ce match en clair ?? ğŸ¤”ğŸ¤”,@morganelegoff7532,0,2025-04-28T06:13:35Z
AtKJV6Gjzag,Bravo â¤ï¸ğŸ¤,@djeudj78,0,2025-04-28T06:04:51Z
AtKJV6Gjzag,"Lyon lacks clinicality, and Arsenal utilise All their chances. That is what Chelsea lack clinicality, which is why they even struggle to win small teams in wsl",@chizzyiwunamara5986,0,2025-04-28T06:02:48Z
AtKJV6Gjzag,Felicidades al ArsenalğŸ‰,@linarenteria4838,0,2025-04-28T05:37:00Z
AtKJV6Gjzag,insha'Allah the boys will do the same,@ALIMOHD-bk9lr,0,2025-04-28T05:18:38Z
AtKJV6Gjzag,Well ladies.â¤,@harmainykarim1785,0,2025-04-28T04:58:58Z
AtKJV6Gjzag,"Arsenal ğŸ’ª gunner 
Vistit  RwandağŸ‡·ğŸ‡¼",@mukizaevra402,0,2025-04-28T04:49:40Z
AtKJV6Gjzag,"I'm not the only Arsenal supporter who would be thrilled to see Kim Little lift the trophy.  This team has a lot of talented players, and it's amazing to watch them perform for one another.  Do it for Kim.",@Allison-s6p,115,2025-04-28T04:47:19Z
AtKJV6Gjzag,"The best female team,always knew they had potentialsğŸ˜ğŸ¤©",@AyodelePhilip-m4y,0,2025-04-28T04:46:04Z
AtKJV6Gjzag,Remontada,@afifaziz2051,0,2025-04-28T04:45:40Z
AtKJV6Gjzag,"Arsenal amazing, Lyon very bad game this day!!",@thomassinbruno2612,0,2025-04-28T04:36:54Z
AtKJV6Gjzag,Arsenalâ¤â¤â¤,@RyanRatna-k7e,0,2025-04-28T04:25:21Z
AtKJV6Gjzag,Gilles trop nulle,@michellang1316,0,2025-04-28T04:24:02Z
AtKJV6Gjzag,Melchie Dumorney please sign to Barcelona or Real Madrid please please please,@NikensonFrancois-r4c,0,2025-04-28T04:18:00Z
AtKJV6Gjzag,"So many people would love to see Kim little lift that trophy including me and not just arsenal fans. So many big performers in this team when they play for each other, itâ€™s magical to watch. Do it for Kim.",@PaulMihill,0,2025-04-28T03:36:52Z
AtKJV6Gjzag,Both Arsenal teams cooking,@ramikla_146,0,2025-04-28T03:36:31Z
AtKJV6Gjzag,á‰ á‹ˆáŠ•á‹¶á‰¹áˆ á’áˆ¥áŒ‚áŠ•áˆ›áˆ¸áŠá áŠ áˆˆá‰¥áŠ• áŠ¥áŠ•á‹°áˆ´á‰¶á‰¹ áŒˆáŠáˆ­áˆ¥,@seifutilahun1204,0,2025-04-28T03:26:54Z
AtKJV6Gjzag,On se fait humilier,@sebastienthomas4965,0,2025-04-28T03:18:23Z
AtKJV6Gjzag,"What a disaster for Lyon. Gifted Arsenal the first goal, the fourth goal, and the third goal wasn't much better.",@Wladislav,0,2025-04-28T03:11:02Z
AtKJV6Gjzag,Mariona was the missing piece,@NoneofURBiz297,0,2025-04-28T02:16:25Z
AtKJV6Gjzag,Congratulation. RUSOOOOOOOOOOOOOOOOOOOO..â¤â¤â¤â¤,@Dr.RamesworMaharjan,0,2025-04-28T02:01:22Z
AtKJV6Gjzag,"Arsenal Man Women..
Qtrfinal both beating Madrid
semi final vs France Club.

women final Arsenal  vs Barca

Man-I hope Arsenal and Barcelona go to final..",@rycyemcmore6485,0,2025-04-28T01:38:38Z
AtKJV6Gjzag,Ekip arsenal pap regle enyen nn final,@IsraelRoger-p7m,0,2025-04-28T01:35:13Z
AtKJV6Gjzag,rooting for arsenal mens and womens to win this year UCL edition....ğŸ‰ğŸ‰ğŸ‰ğŸ‰ğŸ‰ğŸ‰ğŸ‰,@Hyascent09,8,2025-04-28T01:26:04Z
AtKJV6Gjzag,This is remontada ğŸ˜…,@trisdulbasyir,1,2025-04-28T01:10:51Z
AtKJV6Gjzag,IT'S ALL WRITTEN ALL OVER THE STARS â¤â¤â¤â¤â¤,@theo.pratama,0,2025-04-28T01:04:39Z
AtKJV6Gjzag,"Was rooting for Lyon, but I (grudgingly) have to hand it to the women of Arsenal. An excellent performance they'll be sure to be proud of.",@bigollameo,0,2025-04-28T00:57:46Z
AtKJV6Gjzag,Cette annÃ©e les deux final de ligue des Champions c'est Arsenal - Barcelone avec des victoires d'Arsenal Ã  Lisbonne et Ã  Munich,@thiernobocandediedhiou716,0,2025-04-28T00:57:19Z
AtKJV6Gjzag,"A Vanessa Gilles,tÃ¡ envolvida com a mafia de apostas. Entregou o jogo legal.  Zagueira ruim da porra. 
O tÃ©cnico patÃ©tico,nÃ£o a tirou em momento nenhum. A mulher entregando o jogo",@ingridpereira2551,1,2025-04-28T00:50:30Z
AtKJV6Gjzag,COYG â¤ï¸ğŸ’ªğŸ¿ğŸ†ğŸ’¯,@ugbametatosantimothy-ox3yq,1,2025-04-28T00:47:22Z
AtKJV6Gjzag,Bravo melchie,@KetelineCharlotin,0,2025-04-28T00:46:04Z
AtKJV6Gjzag,"Well done Arsenal W, although they did have the easier draw of the two English Clubs and they did get lucky at times, but took the chances presented to them, well.
Sadly, this is as far as Arsenal W are going to get.
Barcelona are far too strong for them, but they have done VERY well to get to the Final.",@neoxenon2976,0,2025-04-28T00:36:50Z
AtKJV6Gjzag,"Had Lyon winning this. I've never seen them so ""off"" .",@user-qn5gc5sc9o,1,2025-04-28T00:36:03Z
AtKJV6Gjzag,"The confidence with domsilar in-between sticks....zinnyğŸ˜…ğŸ˜…ğŸ˜…
Costed us the first leg",@hajjatakiror8948,0,2025-04-28T00:01:41Z
AtKJV6Gjzag,I think this two teams can beat manchester utd,@clarancechellsie1317,0,2025-04-28T00:00:58Z
AtKJV6Gjzag,"Al Arsenal Tiene Muchos MÃ©ritos de Estar en la Final 
MÃ¡s 
MÃ¡s al Lyom 3 Errores Defensivos le Costaron 3 Goles",@juancarlosmartinezuribe6003,0,2025-04-27T23:40:12Z
AtKJV6Gjzag,"The women did it in Spain the guys followed, now the women did it France the men need do the same.",@faisalmohamed7125,2,2025-04-27T23:33:28Z
AtKJV6Gjzag,"Tbh I am shocked of the tenacity for the arsenal ladies to come from 1 down at their own ground to cover 5-3 to brace for the finals of champions league, I hope the men continue their ascend to the final of this cup as well big congrats ladies!!!!",@adspence23,1,2025-04-27T23:14:21Z
AtKJV6Gjzag,"I canâ€™t speak a word of French, but donâ€™t need to to understand the co-commentators disappointment after each Arsenal goal",@NakedGeep,1,2025-04-27T22:53:00Z
AtKJV6Gjzag,where is the penalty?,@gatsbylemagnifique7484,0,2025-04-27T22:46:18Z
AtKJV6Gjzag,The bias from the female commentator is just oozing out of my screen.,@abiodunoni420,1,2025-04-27T22:44:07Z
AtKJV6Gjzag,Oups.,@TheSoleDweller,0,2025-04-27T22:42:58Z
AtKJV6Gjzag,"*Goal*

Male commentator: ğŸ—£
Female commentator: aah..",@Anydesignco,0,2025-04-27T22:42:22Z
AtKJV6Gjzag,"The backline of Lyon was terrible today, especially the center backs!",@jacquesstephen777,0,2025-04-27T22:42:17Z
AtKJV6Gjzag,"Massive congrats to Arsenal WFC. Beating Lyon, the queen of UWCL, at their own ground, with this scoreline is not an easy feat",@RRP6632,19,2025-04-27T22:38:02Z
AtKJV6Gjzag,Why do you show the score in the thumbnail? Not all can watch live!,@pixelpete3027,1,2025-04-27T22:35:06Z
AtKJV6Gjzag,"L entraÃ®neur  a une grande responsabilitÃ© dans cette dÃ©faite zu vu de la composition de l Ã©quipe. Pourquoi dumornzy en milieu de terrain alors que pendant toute la saison elle a jouÃ© en attaque  .c est contre Nantes qu il fallait essayer cette composition  au lieu d envoyer la rÃ©serve. Ã‡a nous coÃ»te trÃ¨s cher, une page est en train de se tourner.",@mariusbajoc4803,2,2025-04-27T22:30:10Z
AtKJV6Gjzag,Who is the co-commentator woman? Very unbiased I should say with her noises and moans a bit unprofessional ğŸ˜‚ğŸ˜‚ğŸ˜‚,@filmonberhane4255,2,2025-04-27T22:21:16Z
AtKJV6Gjzag,Just be quiet about the guys.The girls deserve 100 per cent praise to them selfs.The most underated player deserves her own praise.WELL PLAYED KATIE ğŸ˜,@duncanlewis5706,1,2025-04-27T22:19:38Z
AtKJV6Gjzag,"Both Barca men and  women are on a different level.  I wish the Arsenal men would reach the finals as well against Barca for a rematch, but they have a tough one ahead of them against PSG.
Either way, I still believe if Barca men reach the finals, they will lift the cup, but, it is football anything is possible.",@Observer5258,4,2025-04-27T22:15:38Z
AtKJV6Gjzag,Rice and Beans - https://youtube.com/shorts/PR_TEL7Y3RY,@Halescaster,0,2025-04-27T22:00:50Z
AtKJV6Gjzag,COYG,@tooptapexoplants8620,0,2025-04-27T21:50:13Z
AtKJV6Gjzag,Barcelona 5 - 0 Arsenal,@kaanrivis,1,2025-04-27T21:33:39Z
AtKJV6Gjzag,Mariona Caldentey y 10 mÃ¡s.,@ibericohispanoyespanol3959,1,2025-04-27T21:32:38Z
AtKJV6Gjzag,TrÃ¨s mauvaise dÃ©fense ğŸ˜,@SanchezRamirezLucas,0,2025-04-27T21:29:10Z
AtKJV6Gjzag,"Bravo Ã  toutes l'Ã©quipes....
En particulier la gardienne de but ğŸ‰ğŸ‰ğŸ‰ğŸ‰",@BobosneijderKeith,1,2025-04-27T21:28:55Z
AtKJV6Gjzag,"Proud, the right attitude to have.",@ElijahMan2633,0,2025-04-27T21:19:41Z
AtKJV6Gjzag,Comeback Queens â¤â¤,@bagendaangella4884,1,2025-04-27T21:17:25Z
AtKJV6Gjzag,Did not see that happening. When done Arsenal. Very happy. :),@juliansykes6668,10,2025-04-27T21:16:40Z
AtKJV6Gjzag,Up Gunners ğŸ‘âœŒï¸,@elliottvictor8356,0,2025-04-27T21:12:01Z
AtKJV6Gjzag,Barcelona should dispatch Arsenal very quickly!,@Ronaldoluiznazario,0,2025-04-27T20:50:28Z
AtKJV6Gjzag,En finale le BarÃ§a vas gagner 5 ? 6 ? 7 ? Ã  zÃ©ro? et contre l' OL c'Ã©tait mÃªme tarif !,@basile-deyersin,1,2025-04-27T20:50:23Z
AtKJV6Gjzag,"On ne peut plus les surnommÃ©es les ""reines d'europe"" si on continue de jouer ainsi! quand tu vois les championnats etrangers evoluÃ©s et leur niveau elevÃ©, Ã§a m'etonnerais que les cubs franÃ§ais atteignent les 16eme de final la saison prochaine!",@fwananedur55,0,2025-04-27T20:48:52Z
AtKJV6Gjzag,bravo arsenal pour la remontada,@Dalou88888,9,2025-04-27T20:44:52Z
AtKJV6Gjzag,Wow! Did Ollympique Lyonnas implode or what?ğŸ˜‚ğŸ˜‚ğŸ˜‚,@Ronaldoluiznazario,0,2025-04-27T20:42:22Z
AtKJV6Gjzag,Back to back Remontada ğŸ˜‚.,@iamnonso_,0,2025-04-27T20:35:59Z
AtKJV6Gjzag,Men's team needs to take notes for when they go to France,@KarltonFranz,15,2025-04-27T20:31:00Z
AtKJV6Gjzag,Well done arsenal ladies! Definitely the hungrier team on the pitch today!,@gordonc2377,5,2025-04-27T20:27:10Z
AtKJV6Gjzag,how do you spell barca?,@bepsolo,1,2025-04-27T20:22:21Z
AtKJV6Gjzag,well done,@Kiwalabyeyasin-o1q,0,2025-04-27T20:19:48Z
AtKJV6Gjzag,Weldone lads. Unto the final,@penielvictor,0,2025-04-27T20:16:41Z
AtKJV6Gjzag,Unbelievable,@nnenne1,0,2025-04-27T20:12:30Z
AtKJV6Gjzag,"ã‚ˆãã‚„ã£ã¦ãã‚ŒãŸï¼
ç”·å¥³ã§å„ªå‹ã ï¼ï¼
COYGï¼ï¼",@TKG1910,0,2025-04-27T20:06:54Z
AtKJV6Gjzag,Proud of you girls. Both men and women are lifting the UCL,@DeeyaaGreatness,34,2025-04-27T20:03:30Z
AtKJV6Gjzag,I am so happy for my arsenal lady's â¤â¤â¤â¤â¤â¤â¤ğŸ˜‚â¤,@marlonmadden8270,4,2025-04-27T19:59:50Z
AtKJV6Gjzag,â¤â¤â¤â¤â¤â¤â¤,@marlonmadden8270,1,2025-04-27T19:58:41Z
AtKJV6Gjzag,â¤â¤â¤â¤â¤â¤â¤â¤â¤â¤â¤,@hvihyfgih,1,2025-04-27T19:55:51Z
AtKJV6Gjzag,"This year all of the UEFA Champions League will be between Barca and Arsenal both for men and women because even Paris Saint Germain will be knocked out by Arsenal 
Take notice of my comment some where",@Yesu-ni-Kristo,25,2025-04-27T19:55:08Z
AtKJV6Gjzag,Tricheuses joueuses D'arsenal ..!,@DenisREY-i4v,0,2025-04-27T19:53:05Z
AtKJV6Gjzag,honteux la prestation des joueuse de ol elle se voyaient aller en finale facilement Ã  mon avis,@delattremartial,6,2025-04-27T19:49:36Z
AtKJV6Gjzag,Well done ladies.,@clementbiola3236,8,2025-04-27T19:49:04Z
AtKJV6Gjzag,C'est pas Ã©quipe de Marion torrent,@ChristopherBouchain,0,2025-04-27T19:37:57Z
AtKJV6Gjzag,"Video been up for 40 mins and no pathetic  comments from Patrick, Ken, Julie or whatever heâ€™s signed in as today. Somethingâ€™s wrong.",@metube9541,3,2025-04-27T19:35:16Z
AtKJV6Gjzag,Lets all laugh at Lyon ğŸ˜‚ğŸ˜‚ğŸ˜‚,@CABS728,3,2025-04-27T19:32:26Z
AtKJV6Gjzag,"Pffff n importe quoi les lyonnaises,aucune envie,des passÃ©s ratÃ©es Ã  la pelle,incroyableâ€¦et Wendie c est comme Lacazette,c est triste mais faut savoir dire stop",@Nelson69008,7,2025-04-27T19:22:09Z
AtKJV6Gjzag,I never expected Arsenal to do this to Olympique Lyonnaise TBH. ğŸ˜±ğŸ™ŒğŸ¾,@travesseniorchannel,67,2025-04-27T19:16:35Z
AtKJV6Gjzag,Yasss. Come on you gunners â¤ğŸ”¥,@steafanharry1111,4,2025-04-27T19:16:26Z
AtKJV6Gjzag,"Arsenal, ens veurem a Lisboa ğŸ’™â¤ï¸",@s.r.catalani5341,0,2025-04-27T19:14:15Z
AtKJV6Gjzag,Vamos Arsnal,@atulkarki6690,5,2025-04-27T19:08:25Z
AtKJV6Gjzag,Arsenal women are joy to watch. Great and excellent performance,@oladapodamola5117,3,2025-04-27T19:07:53Z
AtKJV6Gjzag,proud of you girls,@AbimbolaBabe,79,2025-04-27T19:03:55Z
AtKJV6Gjzag,"El partido no lo gano Arsenal, lo perdio el Lyon por sus propios errores",@JuanGomez-dk6kf,6,2025-04-27T18:59:05Z
AtKJV6Gjzag,Eve PÃ©risset et Romain Balland ğŸ’™ğŸ¤â¤,@sandovaldo,2,2025-04-27T18:55:34Z
AtKJV6Gjzag,lets go,@spygeaethiopia9882,2,2025-04-27T18:51:10Z
AtKJV6Gjzag,"Wenn ich so viel Selbstvertrauen hÃ¤tte wie der Typ in diesem Video, wÃ¤re ich schon PrÃ¤sidentğŸ’‹",@QFEedqdq,0,2025-04-27T18:50:05Z
AtKJV6Gjzag,My dog watched this video with me and now thinks she can be a star. It's time for her to go on YouTubeğŸ’,@FzExlglg,5,2025-04-27T18:49:47Z
SXNghJSedDc,"This is why they deserve equal pay. This is good comedy, great comedians on the pitch.",@ToniSerban-bt7mk,0,2025-04-25T06:34:33Z
SXNghJSedDc,Concertesa pelo entretenimento merecem ganhar igual os homens.,@macoaurelionogueira6665,0,2025-04-25T02:39:12Z
SXNghJSedDc,pure comedy,@zemnirached,0,2025-04-20T16:30:15Z
SXNghJSedDc,"The Celtic women's manager Elena Sadiku 31 is in a relationship with a player she first met and began coaching when the girl was 16 years old, 22 year old Swede Hanna Bennison plays for Italian giants Juventus, Sadiku is an ethnic Albanian immigrant who moved to Sweden and played football in the country before taking up coaching youngsters when her career failed to take off, to me this looks a classic case of predatory grooming, nothing has been made of it in the media as yet though surprisingly, please fans of women's football spread the word about this woman using her position in charge of youngsters to exploit them, this sort of thing has no place in the game or any institution in society,, just think of the outcy if it were a male coach who did this. Women can and do expoit at times too and this behaviour has no place in the game regardless of sex or sexuality, please get it out there and raise awareness of this matter in any way you can, thank you.",@CranleyMaddox,0,2025-04-19T13:15:36Z
SXNghJSedDc,iloveit,@ireyimikaawala422,0,2025-04-19T11:27:02Z
SXNghJSedDc,2:15 ê¸°ë»ì„œ ìš°ëŠ” ê±´ì§€? ì•„ë¹ ì„œ ìš°ëŠ” ê±´ì§€?,@kshuuri,0,2025-04-17T17:45:31Z
SXNghJSedDc,Pulling hair -instant red card no argument.,@steveroberts9453,0,2025-04-13T08:46:41Z
SXNghJSedDc,Ù‡Ù‡Ù‡Ù‡Ù‡ ÙŠØ±ÙƒØ²ÙˆÙ† Ø¹Ù„Ù‰ Ø§Ù„Ø´Ø¬Ø§Ø± Ø§ÙƒØ«Ø± Ù…Ù† Ø§Ù„ÙÙˆØ²,@Karkias,0,2025-04-11T14:58:38Z
SXNghJSedDc,"ÙÙˆØªØ¨Ø§Ù„ Ø²Ù†Ø§Ù† ğŸ˜‚ğŸ˜‚ğŸ˜‚ğŸ˜‚ğŸ˜‚
Ø¨ Ø¬Ø§ÛŒ ØªÙˆÙ¾ØŒÙ†Ù…Ú©Ø¯ÙˆÙ† Ø¨Ø²Ø§Ø±Ù†",@Lila-r6w,0,2025-04-11T04:40:15Z
SXNghJSedDc,"Kkkkkkkkkkkkkkkkkkk, muito bom!!!",@isnardferreira7498,0,2025-04-09T21:50:05Z
SXNghJSedDc,Women.....ğŸ˜…ğŸ˜‚ğŸ˜ğŸ¤¦ğŸ˜†ğŸ˜¬,@Merdaccielord,0,2025-04-08T19:32:20Z
SXNghJSedDc,woman toxic crazy football,@vintripu6000patupamu,0,2025-04-07T20:14:37Z
SXNghJSedDc,Women don't watch women's football...,@johnhunt5181,0,2025-04-03T00:42:59Z
SXNghJSedDc,Why can women not know their place in life and stop copying what men do ? From football to tattoos they copy. I've not seeing ever men playing netball ! Make your own sport girlies,@sillybolox935,1,2025-04-01T00:55:49Z
SXNghJSedDc,Ğ¢ĞµĞ¿ĞµÑ€ÑŒ Ñ Ğ±ÑƒĞ´Ñƒ ÑĞ¼Ğ¾Ñ‚Ñ€ĞµÑ‚ÑŒ Ğ¶ĞµĞ½ÑĞºĞ¸Ğ¹ Ñ„ÑƒÑ‚Ğ±Ğ¾Ğ»,@azamatbekishev7692,0,2025-03-31T19:02:56Z
SXNghJSedDc,4:01 respect this girls â¤,@akm_ashraf,0,2025-03-31T14:08:12Z
SXNghJSedDc,equal pay.,@theogacc,0,2025-03-31T12:53:56Z
SXNghJSedDc,Are these professional matches ?,@dogetoshinakamoto7057,0,2025-03-28T05:21:33Z
SXNghJSedDc,ë¬¼ê°œì‡¼ë¥¼ ë³´ëŠ”ë“¯í•˜ë‹¤,@bitx-x8g,0,2025-03-28T01:19:56Z
SXNghJSedDc,Womenâ€™s sports are sooooo bad.,@jcv8718,0,2025-03-27T17:56:42Z
SXNghJSedDc,alisha lehmann ğŸ‘ğŸ‘ğŸ‘ğŸ‘ğŸ‘ğŸ‘ğŸ‘ğŸ‘,@begohernandez696,0,2025-03-23T12:53:20Z
SXNghJSedDc,ğŸ˜‚ğŸ˜‚ğŸ˜‚ğŸ˜‚,@samuelaurelio3127,0,2025-03-23T03:22:44Z
SXNghJSedDc,3:20 that was not needed,@ThatBoyInBlueAndWhite,0,2025-03-21T16:10:43Z
SXNghJSedDc,1:06 WTF lol,@Pappabajskorv,0,2025-03-20T22:38:06Z
SXNghJSedDc,GirlsğŸ˜‚ğŸ˜…,@Dpublisher,0,2025-03-20T16:08:17Z
SXNghJSedDc,ë‚¨ìì¶•êµ¬ì„ ìˆ˜ë‘. ê°™ì€ì—°ë´‰ ì™œì•ˆì£¼ëƒ? ã…‹ã…‹ã…‹,@ì•„í‹°ìŠ¤íŠ¸ë©ìˆœì´,0,2025-03-19T04:04:33Z
SXNghJSedDc,it's not football it's comedy,@RustyAKD,1,2025-03-17T12:58:41Z
SXNghJSedDc,à¸ªà¸‡à¸ªà¸±à¸¢à¸¡à¸µà¸„à¸™à¸–à¸²à¸¡,@Nengooo0,0,2025-03-16T16:38:53Z
SXNghJSedDc,"Ğ¡ Ñ…Ğ¸Ğ´Ğ¶Ğ°Ğ±Ğ¾Ğ¼ ÑĞ¼ĞµÑˆĞ½Ğ¾.
ĞŸĞ¾Ñ‡ĞµĞ¼Ñƒ Ğ¾Ğ½Ğ¸ ÑÑ‚Ğ¾ Ğ½Ğ¾ÑÑÑ‚ ? Ğ’ĞµĞ´ÑŒ ÑÑ‚Ğ¾ Ğ¶Ğµ Ğ½Ğµ ĞµÑ‘ Ğ²Ñ‹Ğ±Ğ¾Ñ€ ğŸ¤·.
ĞŸĞ¾Ñ‡ĞµĞ¼Ñƒ Ğ»ÑĞ´Ğ¸ ÑĞ°Ğ¼Ğ¸ Ğ½Ğµ Ğ²Ñ‹Ğ±Ğ¸Ñ€Ğ°ÑÑ‚ , Ñ‡Ñ‚Ğ¾ Ğ¸Ğ¼ Ğ½Ğ¾ÑĞ¸Ñ‚ÑŒ ?.
ĞšĞ¾Ñ€Ğ°Ğ½ ĞµĞ¹ Ğ³Ğ¾Ğ²Ğ¾Ñ€Ğ¸Ñ‚ , Ñ‡Ñ‚Ğ¾ Ğ½Ğ¾ÑĞ¸Ñ‚ÑŒ ? Ğ ĞšĞ¾Ñ€Ğ°Ğ½ ĞµĞ¹ Ñ€Ğ°Ğ·Ñ€ĞµÑˆĞ°ĞµÑ‚ Ğ² Ñ„ÑƒÑ‚Ğ±Ğ¾Ğ» Ğ¸Ğ³Ñ€Ğ°Ñ‚ÑŒ ? Ğ˜Ğ»Ğ¸ ÑÑ‚Ğ¾ Ğ´Ñ€ÑƒĞ³Ğ¾Ğµ?",@andreyk8081,0,2025-03-15T04:42:52Z
SXNghJSedDc,I really don't understand why women earn less than men in sports...,@Trailerpark_Supervisor89,0,2025-03-14T10:21:37Z
SXNghJSedDc,I refuse to make a stereotype comment. Nope. I wont do it.,@baldeagle4308,0,2025-03-14T01:51:50Z
SXNghJSedDc,Lesbian football is funny lol.,@amurleopard51,0,2025-03-11T09:45:18Z
SXNghJSedDc,stop play game,@mehmetates4612,0,2025-03-11T05:59:14Z
SXNghJSedDc,Women's football ğŸ˜‚ğŸ˜‚ğŸ˜‚ğŸ˜‚,@turnitaround7344,0,2025-03-09T17:47:26Z
SXNghJSedDc,shitty music,@SabberJupp,0,2025-03-05T10:33:34Z
SXNghJSedDc,"LOL, women...",@Azmodan514,0,2025-03-04T15:01:56Z
SXNghJSedDc,Football âŒ comedy,@Samzyyt10,0,2025-03-04T07:25:59Z
SXNghJSedDc,This is amazing.,@StuartFerguson55,0,2025-03-04T05:23:09Z
SXNghJSedDc,3:53 how pathetic is that,@ScouseMafia,0,2025-03-03T09:38:11Z
SXNghJSedDc,Women football sometime rude sometime unruled sometime funny,@IshmaelAli-v8t,0,2025-02-27T14:24:10Z
SXNghJSedDc,Women sure know how to keep things interesting.ğŸ˜‚ğŸ˜‚,@viva4456-e1u,0,2025-02-25T21:51:48Z
SXNghJSedDc,"0:29 ci sono rimasto male,lo ammetto.",@pierog.6278,0,2025-02-24T18:15:10Z
SXNghJSedDc,ğŸ˜…ğŸ‘ğŸ¤˜,@AntonioAguilar-z6k,0,2025-02-22T20:29:02Z
SXNghJSedDc,Women â˜•â˜•,@à¸«à¸¥à¸§à¸‡à¸à¹ˆà¸­à¸«à¸¡à¸±à¸”à¸§à¸±à¸”à¸•à¸²à¹€à¸‚à¸µà¸¢à¸§-à¸®7à¸§,0,2025-02-18T17:08:10Z
SXNghJSedDc,Soccer,@elkhntr4evr421,0,2025-02-18T03:17:11Z
SXNghJSedDc,Dude 6:10-ish......I'm dead......funny as hell.,@jasonstevens8517,2,2025-02-17T15:34:10Z
SXNghJSedDc,"Women are vicious, and their referees are morons.",@teddybear5429,0,2025-02-15T15:45:06Z
SXNghJSedDc,It's shit,@andrewforrester6258,0,2025-02-08T22:19:09Z
SXNghJSedDc,More sucker than soccer!,@MairyHinge,0,2025-02-06T16:23:28Z
SXNghJSedDc,"Das ist Frauenfussball. Da wird getreten, gekratzt, gebissen und an den Haaren gezogen.",@jensbraun7748,0,2025-02-04T18:54:22Z
SXNghJSedDc,Music almost as annoying as the football. Why damage the grass with this nonsense?,@arveyilleszender5809,0,2025-02-02T20:11:24Z
SXNghJSedDc,It can be very embarrassing for boys with asthma to try to compete with ones who dont live in a cloud of cigarette smoke at home in front of girls their own age too!â¤,@PatrickOwens-f6o,0,2025-02-02T15:58:03Z
SXNghJSedDc,Boys and girls shouldn't play football together it does put girls off it! It should be seperate PE lessons from day one!â¤,@PatrickOwens-f6o,0,2025-02-02T15:55:54Z
SXNghJSedDc,Ive bought this book its called 'soccer the LAWTON way by TOMMY LAWTON' It seems to be a good book to read for someone learning about football!â¤ Try and read it ladies even if you dont play football your children daughters/sons might!â¤,@PatrickOwens-f6o,0,2025-02-02T15:52:08Z
SXNghJSedDc,"Womens football is a new thing thetes a book out obviously lies called 'The rise and fall and rise again of womens football!' dont patronise women anout historical facts, they shouldnt cheapen how womens football/soccer is taking off! I am one of the people who really pushed for it too take off! I really think the difference a free view womens sports channel would make is not to be taken lightly! I had written down in graphic detail on many occasions how it should be done! I should be paid for these ideas! If not and recognised for them perhaps Russia under Putin will do them and just advertise 'State' sportswrar on the channel all sports clothes teams shirts to be sponsored by 'State' all new teams with no male team! Not like Manchester united women! A whole new thing for the brave new world!â¤",@PatrickOwens-f6o,0,2025-02-02T15:37:40Z
SXNghJSedDc,a   d     m,@Î•Î»Î­Î½Î·Î‘Î½Î¸Î®-Î¿1Ï„,0,2025-01-28T15:24:23Z
SXNghJSedDc,Typisch Frauen,@EitiMC,0,2025-01-26T08:19:30Z
SXNghJSedDc,VOGLIAMO GLI STESSI STIPENDI DEGLI UOMINI..,@matteodamico4995,0,2025-01-23T11:59:10Z
SXNghJSedDc,y porque sacar como reclamo un trasero !,@Alberto-bu7gt,0,2025-01-18T19:08:13Z
SXNghJSedDc,"1:29 Unintentional right and left hook.
But I can see that the No. 15 girl put up quite a fight for one match",@DS-cs8bj,0,2025-01-17T19:47:38Z
SXNghJSedDc,After watching this I immediately go watch men football because I can't believe what women are doing in the field.,@xavier_mfalme,0,2025-01-17T05:44:20Z
SXNghJSedDc,I found myself a new entertainment,@albatross-b7b,0,2025-01-15T21:07:42Z
SXNghJSedDc,1:03  the thing is that everyone can make mistakes under pressure even the pro footballers,@Yasly_10,0,2025-01-15T12:10:55Z
SXNghJSedDc,School soccer looks more professional than these amateurs.,@GoofySmuf,0,2025-01-14T14:17:37Z
SXNghJSedDc,5:16 ğŸ˜‚ğŸ˜‚ğŸ˜‚ğŸ˜‚ğŸ˜‚ğŸ˜…,@chrisj8728,0,2025-01-14T01:22:17Z
SXNghJSedDc,These games are like 11 Maguires vs 11 Maguires.,@toniki.3560,0,2025-01-13T12:35:56Z
SXNghJSedDc,"Morgan Weaver , Are you sure?! ğŸ’€ğŸ«µğŸ»",@ArshiaEver,0,2025-01-12T11:57:51Z
SXNghJSedDc,Want the same money as men ğŸ˜‚ğŸ˜‚ğŸ˜‚,@macdeluxe733,0,2025-01-12T01:48:18Z
SXNghJSedDc,Sports fails like these deserve their own awards show.,@stsportsfails,0,2025-01-10T03:57:14Z
SXNghJSedDc,Women's football is so adorable. It's like watching babies play with each other kicking a ball.ğŸ¤£ğŸ¤£ğŸ¤£ğŸ¤£ğŸ¤£ğŸ˜˜ğŸ˜˜ğŸ˜ğŸ˜ğŸ˜,@bjvu9460,1,2025-01-10T01:46:11Z
SXNghJSedDc,Women have A LOT to learn,@Steve-Handsomelady,0,2025-01-09T13:01:22Z
SXNghJSedDc,Le comique foot,@pabloguti1881,0,2025-01-08T20:17:47Z
SXNghJSedDc,ã‚„ã¯ã‚Šå¥³ã«ã‚µãƒƒã‚«ãƒ¼ã¯æ—©ã™ãã‚‹,@church1203,0,2025-01-07T07:42:55Z
SXNghJSedDc,The big problem with women's football is that women don't support it never mind what men think about it.,,0,2025-01-07T01:59:04Z
SXNghJSedDc,so funny when girls playing ball,@dw4738,0,2025-01-05T12:40:29Z
SXNghJSedDc,Cookingâ€™s!!!,@à¸à¸´à¸Šà¸´à¸•à¸Šà¸±à¸¢-à¸‹7à¸„,0,2025-01-05T07:37:22Z
SXNghJSedDc,Great comedy moments. Everyone in the crowd missed them though.,@daddystu7046,0,2025-01-03T02:49:13Z
SXNghJSedDc,"Craziest moment being the first clip in which a man has actively chosen to go and watch women play football. Before you come at me asking me why Iâ€™d say this sexist and misogynistic thing, clip number 2 will provide the answer",@james6818,0,2025-01-01T18:35:35Z
SXNghJSedDc,wamen xD,@jjh3455,0,2024-12-31T22:08:36Z
SXNghJSedDc,Ohhh when I watch this - I do pray to god women and men kan play togther! Would be so fun...,@ThomasOlsen-h8d,0,2024-12-24T17:13:58Z
SXNghJSedDc,"I always thought that it's better to watch paint drying than women football, I personally don't get it,  in my opinion it's very slow, no tackles, the goalkeepers generally are just there for decoration. I believe women lack the physicality to play 11 a side. To prove a point, if you watch a women's futsal game, it's exciting and just as good to watch as the men. That's a game where they must DEMAND equal pay, because they deliver in equal measure.",@edyu1977,0,2024-12-24T10:18:19Z
SXNghJSedDc,"Jetzt weiÃŸ ich, was dÃ¤mlich bedeutet",@adnankocer7072,0,2024-12-22T09:20:34Z
SXNghJSedDc,Pure comedy,@pierreanders1381,0,2024-12-20T19:30:42Z
SXNghJSedDc,3:58â¤â¤â¤â¤â¤â¤ğŸ‰ğŸ‰ğŸ‰ğŸ‰,@JamshidGaniyev-w6i,0,2024-12-17T19:31:37Z
SXNghJSedDc,do people pay to watch womans football ?,@grahamjohnson7934,0,2024-12-15T13:27:59Z
SXNghJSedDc,Men and women are differentâ€˜,@hajarelogari2690,0,2024-12-13T16:12:59Z
SXNghJSedDc,womens football is soo shit! lol its not even at under 15 schoolboy level! and they want similar pay to the men ha ha ha dream on,@iiRodeoclownii,0,2024-12-03T01:09:55Z
SXNghJSedDc,So cute ğŸ˜‚,@natsu20001,0,2024-11-29T13:59:16Z
SXNghJSedDc,"What are you proving here? Is your next video ""Craziest Moments in Mens Football""?",@iceetmarne3571,0,2024-11-28T22:41:52Z
SXNghJSedDc,6:51 Nice one girld,@Mr_BananaV2,0,2024-11-28T16:12:37Z
SXNghJSedDc,ĞºÑ‚Ğ¾ Ñ‚Ğ¾ ĞµÑ‰Ğµ ÑĞ¾Ğ¼Ğ½ĞµĞ²Ğ°ĞµÑ‚ÑÑ Ñ‡Ñ‚Ğ¾ Ğ¼ĞµÑÑ‚Ğ¾ Ğ¶ĞµĞ½Ñ‰Ğ¸Ğ½Ñ‹ Ñƒ Ğ¿Ğ»Ğ¸Ñ‚Ñ‹?,@ĞŸĞ›Ğ¯Ğ¡ĞšĞ˜,0,2024-11-28T14:49:29Z
SXNghJSedDc,"Ñ Ğ² Ğ¿Ğ¸Ğ½Ñ†Ğ¸Ğ¿Ğµ  Ğ½Ğµ ÑĞ¼Ğ¾Ñ‚Ñ€Ñ  Ñ„ÑƒÑ‚Ğ±Ğ¾Ğ» , Ğ½Ğ¾ ÑƒĞ²ĞµÑ€ĞµĞ½ , Ñ‡Ñ‚Ğ¾ Ğ¸ Ğ² Ğ¼ÑƒĞ¶ÑĞºĞ¾Ğ¼  ÑĞ¾Ğ¿ĞµÑ€Ğ½Ğ¸Ñ‡ĞµÑÑ‚Ğ²Ğµ  Ğ±Ñ‹Ğ²Ğ°ÑÑ‚ Ñ‚Ğ°ĞºĞ¸Ğµ Ğ¶Ğµ Ğ½ĞµĞ»ĞµĞ¿Ñ‹Ğµ Ğ¼Ğ¾Ğ¼ĞµĞ½Ñ‚Ñ‹ /ĞºĞ°Ğ·ÑƒÑÑ‹",@Ğ¼Ğ°ĞºÑĞ¸Ğ¼_Ğ¿Ñ€ÑĞ´Ñ‡ĞµĞ½ĞºĞ¾,0,2024-11-25T20:18:43Z
SXNghJSedDc,"ì„¸ìƒì— ì œì¼ ëª»ë‚œ ë‚¨ìë“¤ì´ , ì—¬ìë“¤ ë³´ê³  í‚¥í‚¥ ëŒ€ë©° ë¹„ì›ƒëŠ” ê±°ë‹¤.",@keepspeed,0,2024-11-25T11:57:12Z
SXNghJSedDc,3:31 How the hell could that only be a yellow card offence? That shit is borderline criminally biased refereeing.,@sureshot8399,0,2024-11-25T06:32:48Z
SXNghJSedDc,And that is why they get payed less ğŸ¤£ğŸ¤£ğŸ¤£,@andrisduums5175,0,2024-11-24T19:03:07Z
SXNghJSedDc,ìœ ì‚¬ì¶•êµ¬ë¼ê³  í•´ë‘ì...,@dululgun,0,2024-11-24T11:35:33Z
SXNghJSedDc,0:29 nice muscle â¤,@retfghythj,0,2024-11-23T23:45:06Z
SXNghJSedDc,equal pay... why not...,@homeandalone,0,2024-11-22T21:07:20Z
SXNghJSedDc,This had me in tears. excellent stuff.,@tantona9315,0,2024-11-22T15:13:45Z
SXNghJSedDc,i dont know why nobody watches women playing football. Its hilarious :D,@thatmanwithcap,0,2024-11-22T13:47:33Z
SXNghJSedDc,i think goals and field should be smaller,@themooreclan1220,0,2024-11-21T08:32:47Z
SXNghJSedDc,æ‰‹ã‚’ä½¿ãˆã‚‹ã®çŸ¥ã‚‰ãªã„ã‚­ãƒ¼ãƒ‘ãƒ¼ï¾œï¾›ï¾€ï½—,@æœªæ¥ã†ã©ã‚“,0,2024-11-21T04:10:58Z
SXNghJSedDc,"Me reÃ­ un poco pero ya en serio, mujeres como se atreven a deshonrar asÃ­ este deporte?. Mejor vayan a dedicarse a otra cosa.",@Edgar77581,0,2024-11-21T03:09:44Z
SXNghJSedDc,holy crap,@rafaeltelez6178,0,2024-11-20T17:46:02Z
SXNghJSedDc,ĞĞ¹ Ñ„ÑÑ‘,@SergeyBaybr,0,2024-11-20T10:59:59Z
SXNghJSedDc,They deserve to be paid more than men. This is pure depression remedy.,@alirjeff3096,0,2024-11-19T19:46:23Z
SXNghJSedDc,0:55 is my favorite ğŸ˜‚,@davidglickstein5169,1,2024-11-19T09:29:07Z
SXNghJSedDc,Women â˜•ï¸,@laithnasser2323,0,2024-11-18T09:54:59Z
SXNghJSedDc,Ma se alcune di loro facessero l'uncinetto non sarebbe lo sport piÃ¹ ideale?,@brunoleoni4646,0,2024-11-17T19:57:28Z
SXNghJSedDc,thanks for enjoy. now i'm going to see real football with men,@rocodido,0,2024-11-17T15:31:56Z
SXNghJSedDc,It's not meant to be - but this is comedy gold,@laberbla6466,0,2024-11-17T05:25:51Z
SXNghJSedDc,ê·¸ë˜ ê·¸ë˜ì•¼ì§€. ê·¸ë˜ì•¼ ì—†ì–´ì§„ë‹¤ ì—¬ì„±ì¶•êµ¬ê°€.,@SK-do2kn,0,2024-11-17T04:23:31Z
SXNghJSedDc,what a joke...,@tyfyh622,0,2024-11-17T02:17:04Z
SXNghJSedDc,At least they seem to have a great time!,@pellepop100,0,2024-11-16T22:45:00Z
SXNghJSedDc,Ñ„ÑƒÑ‚Ğ±Ğ¾Ğ»Ğ¸ÑÑ‚ĞºĞ¸ ÑÑ‚Ğ¾ Ñ‚ĞµÑ‚ĞºĞ¸ Ğ±ĞµĞ· ÑĞ¸ÑĞµĞº,@igoplepsov7902,0,2024-11-16T17:57:23Z
SXNghJSedDc,Kerr should be sent off for that,@Yahweh42069,0,2024-11-16T03:39:11Z
SXNghJSedDc,"The problem is the attitude. Women are not the same as men so cant play on the same pitch with the same ball with the same goal. The keepers look tiny; almost like they are...... women. So whats happened is teams just pluck middle distance runners and failed kick boxers and try to teach them football. You see that Vietnamese corner taker; or some of those crosses; these are the few natural footballers (who grew up in  the garden playing football) that got through. 

Just make everything 20% smaller.",@SoSo-li6dn,0,2024-11-16T01:14:05Z
SXNghJSedDc,"Men of culture, we gather here 3:25",@JekyllandHyde_,1,2024-11-15T14:58:33Z
SXNghJSedDc,Just as well no one's there to witness,@jimhunt4425,0,2024-11-15T01:51:44Z
SXNghJSedDc,In the kitchen,@Whitosspotis,0,2024-11-14T01:58:03Z
SXNghJSedDc,"After watching this video, I will ONLY watch women's soccer. No more Netflix, no more Amazon Prime, only women's soccer.",@zuzkuk79,0,2024-11-13T21:37:28Z
SXNghJSedDc,And they dare to claim for equal pay...,@juliencharnay7479,0,2024-11-13T20:48:38Z
SXNghJSedDc,hahhahahhahahahahahahhahahhahahahhah!!!!!!!!!!!!!!,@piterpiter22,0,2024-11-11T23:09:14Z
SXNghJSedDc,How the fuck gehtâ€™s Thais 59 mio,@BubiLohkamp,0,2024-11-11T11:51:02Z
SXNghJSedDc,its amazign they find a way from lockers to pitch... really astonishing achievement,@bartz4439,0,2024-11-06T19:33:20Z
SXNghJSedDc,equal pay now!!! ğŸ˜‚ğŸ˜‚ğŸ˜‚,@adoyer04,1,2024-11-06T18:19:14Z
SXNghJSedDc,Erkekler sahaya Ã§Ä±kÄ±nca kadÄ±n oluyor. KadÄ±nlar sahaya Ã§Ä±kÄ±nca erkek oluyor.,@r-pw1ez,0,2024-11-05T23:26:08Z
SXNghJSedDc,1:38 is still a mistery too me i mean i get making a mistake or hitting the ball wrong but what was that? she basicly had the ball there was absolutly no reason too block at all,@MadFake9939,0,2024-11-05T22:09:21Z
SXNghJSedDc,Kazadi female KantÃ©,@hazza6783,0,2024-11-04T22:13:23Z
SXNghJSedDc,Women's football itself has a crazy moment in football,@podkolodnyj,0,2024-11-03T08:22:00Z
SXNghJSedDc,"That's so fckn awful, my eyes are bleeding",@PTKJWC,0,2024-11-01T16:00:29Z
SXNghJSedDc,Women...,@arturaseizgirdas9113,0,2024-10-31T21:11:27Z
SXNghJSedDc,Ainda falta muitoğŸ˜‚ğŸ˜‚ğŸ˜‚ğŸ˜‚,@roi461,0,2024-10-21T21:12:32Z
SXNghJSedDc,That self goal would have made Mbappe proud 6:28,@Kausarniyazee,0,2024-10-21T20:09:53Z
SXNghJSedDc,0:36 ğŸ˜‚ğŸ˜‚,@Ivzuki,0,2024-10-21T10:54:22Z
SXNghJSedDc,"The very last clip, is that legal?",@Mads270791,0,2024-10-18T08:11:41Z
SXNghJSedDc,"Some of these fails are so ridiculous, I canâ€™t believe they actually happened in real games.",@stvideosengracados,1,2024-10-16T15:51:01Z
SXNghJSedDc,1:18 vienetta Jones ğŸ˜‚,@vishy,0,2024-10-12T12:39:01Z
SXNghJSedDc,Ù…Ø§Ù„Ù‡ Ø§Ù„Ù…Ø·Ø¨Ø® Ø§Ù†Ø§ Ù…Ø´ ÙØ§Ù‡Ù… ØŸ ÙŠØ·Ø¨Ø®ÙˆØ§ ÙˆÙŠØºØ³Ù„ÙˆØ§ ÙˆÙŠÙ†ØªÙÙˆØ§ ÙˆÙƒØ¯Ù‡ ÙƒÙØ§ÙŠÙ‡ Ø¹Ù„ÙŠÙ‡Ù… Ø¨Ø¯Ù„ Ø§Ù„ÙØ¶Ø§ÙŠØ­ Ø¯Ù‰,@samersamer-pz2gy,0,2024-10-06T15:22:22Z
SXNghJSedDc,"I'm not a football fan, but I would go to women's matches to have a laugh.ğŸ˜‚",@grimmjowespada2422,0,2024-10-01T19:28:13Z
SXNghJSedDc,3:27 ğŸ˜‚,@tahatamda,0,2024-10-01T17:44:52Z
SXNghJSedDc,0:33  æœ¬å½“ã«ã“ã‚Œå¥½ãã€‚æ¢ã—ã¦ãŸï¼,@å®¶å®…,0,2024-10-01T13:15:50Z
SXNghJSedDc,YÃ¼zle atÄ±lan gol. KadÄ±n ruhu.ğŸ˜‚ğŸ‘,@ahmetyanar1631,0,2024-09-30T23:17:01Z
SXNghJSedDc,Mahalle takÄ±mÄ±ğŸ¤£ğŸ¤£ğŸ¤£,@ahmetyanar1631,0,2024-09-30T23:15:08Z
SXNghJSedDc,Womenâ˜•ï¸,@hamzaahmad330,0,2024-09-29T21:08:53Z
SXNghJSedDc,ãŠç¬‘ã„ã‚µãƒƒã‚«ãƒ¼ã‚„ãªç¬‘,@ãƒãƒãƒ¼,0,2024-09-23T10:45:52Z
SXNghJSedDc,"45ç§’ãã‚‰ã„ã®ã‚„ã¤ã€ãã‚“ãªã¨ã“ã§ã‚·ã‚¶ãƒ¼ã‚¹ã—ã¦ã‚‹æ™‚ç‚¹ã§ç„¡èƒ½ãªã®ãŒã‚ã‹ã‚‹ã€
å·¦ã«ã¯100%ã„ã‘ãªã„ã‚“ã ã‹ã‚‰ç¬‘
ãªã‚“ã‚‚è€ƒãˆã¦ãªã„ã‹ã‚‰æ¡ˆã®å®š",@ãªã¹ã¡ã‚ƒã‚“-r7v,0,2024-09-22T09:46:37Z
SXNghJSedDc,6:04 ğŸ˜¹ğŸ˜¹ğŸ˜¹ğŸ˜¹ğŸ˜¹ğŸ˜¹ğŸ˜¹ğŸ˜¹,@mp3rfet96,0,2024-09-21T14:46:52Z
SXNghJSedDc,ê±°ë¥¼ íƒ€ì„ ì´ ì—†ë‹¤ã…‹ã…‹ã…‹ã…‹ã…‹ã…‹ã…‹ã…‹ã…‹ã…‹ã…‹ã…‹ã…‹,@ì•„ì‘ì• ì—ìš”-l9q,0,2024-09-21T08:24:43Z
SXNghJSedDc,ãƒ‰ã‚¿ãƒã‚¿ã—ã¦ã¦é¢ç™½ã„ãª,@ã¨ã¾ã¨-l2e-b9n,0,2024-09-20T15:43:35Z
SXNghJSedDc,What made women want to pick up a âš½ï¸,@John-eg3gy,0,2024-09-18T14:48:05Z
SXNghJSedDc,Woman ğŸ˜ğŸ¥´,@selahattinakkaya300,0,2024-09-16T00:45:11Z
SXNghJSedDc,joker,@maxfeel43,0,2024-09-15T08:06:36Z
SXNghJSedDc,"ĞŸÑ€Ğ¾ÑÑ‚Ğ¾ ÑĞ¼ĞµÑˆĞ½Ñ‹Ğµ Ğ¸Ğ´Ğ¸Ğ¾Ñ‚ĞºĞ¸) ÑÑ‚Ğ¾ ĞºĞ°Ñ€Ğ°Ñ‚Ğµ Ğ¸ Ğ¿Ğ¾ĞºĞ°Ğ· ĞºÑ‚Ğ¾ ""ĞºÑ€ÑƒÑ‡Ğµ"" Ñ Ğ½Ğ¸Ğ·ĞºĞ¸Ğ¼ Ğ¸Ğ½Ñ‚ĞµĞ»ĞµĞºÑ‚Ğ¾Ğ¼,Ñ‡Ñ‚Ğ¾ Ğ² Ğ¶Ğ¸Ğ·Ğ½Ğµ,Ñ‡Ñ‚Ğ¾ Ğ² ÑĞ¿Ğ¾Ñ€Ñ‚Ğµ)",@kvb7104,0,2024-09-13T19:49:55Z
SXNghJSedDc,"1:19 In Men's professional football, one or both players would fall to the ground pretending to be badly injured!",@zegamerz1980,0,2024-09-12T10:51:22Z
SXNghJSedDc,#15 for Utah at 1:35 is brutal.,@bernardocisneros4402,0,2024-09-10T05:12:11Z
SXNghJSedDc,The funniest thing about this game is that it takes money.,@ã“ã®ã”ã‚ã½ã®ã‚2å·,0,2024-09-09T15:31:09Z
SXNghJSedDc,"5:31 it is pathetic how well they imitate men ğŸ˜‚ ok, feminism won, now whats next?",@LearnCompositionOnline,0,2024-09-09T14:41:54Z
SXNghJSedDc,How are they allowed?,@LearnCompositionOnline,1,2024-09-09T14:39:52Z
SXNghJSedDc,2:07 wonderful header ğŸ˜‚ğŸ˜‚ğŸ˜‚,@marianpazdzioch3099,0,2024-09-08T09:40:24Z
SXNghJSedDc,I want to play womenâ€™s soccer but itâ€™s such a jokeğŸ˜‚,@pandagirlilikepandas4475,0,2024-09-07T03:26:40Z
SXNghJSedDc,Women football is a jokeğŸ˜‚,@rezanz3779,2,2024-09-06T18:32:13Z
SXNghJSedDc,"La calvitie prÃ©coce des entraÃ®neurs doit Ãªtre Ã©norme.
Je m'arracherais les cheveux Ã  leur place.",@al-bv4po,0,2024-09-06T07:03:23Z
SXNghJSedDc,womens who try to copy mens but the result is circus,@stavrospapadopoulos-fb8vp,1,2024-09-05T11:56:34Z
SXNghJSedDc,Bro if sam kerr did that to me its direct,@Emin009l1t,0,2024-08-19T19:52:37Z
SXNghJSedDc,women haahhaah,@Mertben-d5t,1,2024-08-19T09:01:28Z
SXNghJSedDc,Alisha lehman ..what an ass !!!,@victorpastor3726,0,2024-08-18T21:01:55Z
SXNghJSedDc,You be a freak,@SultanAlhunayshil,0,2024-08-15T16:26:36Z
SXNghJSedDc,04:08 EZAN â¤â¤â¤,@MehmetEmin-f3h,0,2024-08-13T01:25:01Z
SXNghJSedDc,The hijab thing. You play contact sports dude,@ScienceSavvy502,0,2024-08-10T03:25:01Z
SXNghJSedDc,I love Women's Football.ğŸ˜ğŸ˜†,@Ben.SK2346,0,2024-08-08T06:33:43Z
SXNghJSedDc,Advisory notice. It can be dangerous playing against newbies - they can't control their bodies like you would expect them to so one can get severely injured. As fun as it may seem. be careful out there.,@gonzalezfd,0,2024-08-03T06:57:01Z
SXNghJSedDc,"I guess that first clip of the male pitch invader, didnâ€™t realise *Sam Kerr used to play Aussie Rules*?  ğŸ˜Š",@sirloin8745,0,2024-08-01T21:48:35Z
SXNghJSedDc,Watching this is the same feeling as being in a dream playing football while not being able to move as wanted,@BorisIdlomir,0,2024-08-01T16:01:01Z
SXNghJSedDc,womenâ˜•,@sathwiktalents,2,2024-07-31T16:06:11Z
SXNghJSedDc,3:42 And that's the reason why male warriors (usally) don't wear long hair. 3:53 Muslims. So ridiculous...,@steffen5121,0,2024-07-31T11:23:51Z
SXNghJSedDc,I can't think of a reason to why we don't pay them the same as the male professionals. Curios...,@steffen5121,0,2024-07-31T11:22:10Z
SXNghJSedDc,"SHE CAUGHT THE BALL ON OPEN PLAY, NO PENALTY?! WTF",@sshah2545,0,2024-07-31T01:38:17Z
SXNghJSedDc,The dirty fouls are the best part...some of it is slapstick comedy ğŸ˜‚,@trickyj7019,1,2024-07-30T23:47:33Z
SXNghJSedDc,Thats sexism. So much moments just are normaly and happen any gender wtf,@Gekk27,0,2024-07-30T05:42:47Z
SXNghJSedDc,Pay them the same as the guys. They are more ridiculous to watch.,@AA-rc4zr,0,2024-07-29T19:07:55Z
SXNghJSedDc,Totally blond girl sport,@asdfghjklmnbvcxyqwertzuiop,0,2024-07-28T17:05:37Z
SXNghJSedDc,Yeah they should definitely be paid equally. ğŸ¤£ğŸ¤£,@chrismason7272,0,2024-07-26T21:49:16Z
SXNghJSedDc,Le charme du foot fÃ©minin c'est qu'il est plein de surprises. ğŸ˜‚,@Imperator81,0,2024-07-25T11:23:36Z
SXNghJSedDc,3:26 yum. 5:58 was HILARIOUS!,@aftermathsample305,0,2024-07-24T21:24:15Z
SXNghJSedDc,We WaNt EqUaL PaY,@sergeb4540,0,2024-07-21T01:18:53Z
SXNghJSedDc,0:56 So sah das bei mir auch immer aus. Im Kasten ein Titan aber sobald ich mit dem FuÃŸ spielen musste wurde es gefÃ¤hrlich.,@Bohnensupport,0,2024-07-20T23:02:29Z
SXNghJSedDc,Drama Queens,@onchnc3546,0,2024-07-20T21:39:42Z
SXNghJSedDc,"Hell yeah! Equal pay, just for the laghsğŸ˜‚",@jeanducheamps7697,0,2024-07-19T14:26:19Z
SXNghJSedDc,women football is so funny in general. They are always so disrespectful. And seems they just can't stick to a strategy their coach gave them,@OleksiiMakhovskyi,0,2024-07-18T14:32:45Z
SXNghJSedDc,women should be paid as well as the men... clearly they have the talent ...,@EmotionGamingRO,0,2024-07-18T13:37:29Z
SXNghJSedDc,6:00 nah this is wild lmao,@BossManTee,0,2024-07-17T10:16:34Z
SXNghJSedDc,Oh wow this is worse than u8 austrian regionalleague,@schnitzelesser.,0,2024-07-17T04:26:24Z
SXNghJSedDc,"Mulher Ã© o ser mais perfeio do mundo, tudo que a mulher faz os homens sentem inveja.",@miqueinhaamoroso4906,0,2024-07-16T14:35:06Z
SXNghJSedDc,How is it possible that professional players are at such a level? Some play at the skill of a 12y/o,@MageAtYou,0,2024-07-16T13:11:06Z
SXNghJSedDc,Ğ‘ĞµÑĞ¿Ğ¾Ñ‰Ğ°Ğ´Ğ½Ñ‹Ğµ Ğ´ĞµĞ²ÑƒÑˆĞºĞ¸,@ĞŸĞ°ÑˆĞ°Ğ ÑĞ·Ğ°Ğ½Ğ¾Ğ²-Ñ4ÑŠ,0,2024-07-16T07:19:42Z
SXNghJSedDc,That is why women's soccer will never be the same as men's soccer. The man has more humility with his fans.,@quemirasboboandapalla,0,2024-07-16T03:44:03Z
SXNghJSedDc,Ğ½Ğµ Ğ±Ğ°Ğ±ÑĞºĞ¾Ğµ ÑÑ‚Ğ¾ Ğ´ĞµĞ»Ğ¾ Ğ² Ñ„ÑƒÑ‚Ğ±Ğ¾Ğ» Ğ¸Ğ³Ñ€Ğ°Ñ‚ÑŒ,@bornintheussr7645,0,2024-07-16T03:15:26Z
SXNghJSedDc,All 3 of these players were offsides 5:58  so I doubt it would have mattered.,@robprator5890,0,2024-07-15T21:49:33Z
SXNghJSedDc,0:30 i know some people is be scared ğŸ§,@gustavjepsen8971,1,2024-07-15T21:22:03Z
oMNvQzwQTCc,Ik,@DonMartin-d6i,0,2025-04-26T17:24:41Z
oMNvQzwQTCc,Neymar used 2% of his skill on them.,@CypherSuperSonicCyber,2,2025-04-19T20:23:57Z
oMNvQzwQTCc,Oh nah neymar be using 0.000000000000000000.1% of his power.,@Duckman-y9d,0,2025-04-19T02:28:42Z
oMNvQzwQTCc,any football fan knows he wasn't really playing,@mattfairchild5465,1,2025-04-16T17:15:08Z
oMNvQzwQTCc,Omg heâ€™s so gorgeous,@amberinternational,0,2025-04-15T16:32:54Z
oMNvQzwQTCc,why do girl players always pull their shorts up so they're shorter,@JamesWillis-w9g,0,2025-04-12T23:52:02Z
oMNvQzwQTCc,"Yeah those girls were likely just the brave ones who made it, saying that the really good ones probably lost interest due to being put down as girls which is very sad know that there are good female players who arenâ€™t pro.",@lntz01,1,2025-04-12T00:10:00Z
oMNvQzwQTCc,Neymar was try to flirtğŸ˜‚,@derDepp,0,2025-04-09T21:19:34Z
oMNvQzwQTCc,naymar is gay and zesty,@StellaJensen-r7o,0,2025-04-08T17:29:39Z
oMNvQzwQTCc,soccer is so fuckin gay and zesty hockey is so much fuckin better,@StellaJensen-r7o,0,2025-04-08T17:28:36Z
oMNvQzwQTCc,Is it ten? Or eleven? Stupid AI.,@NicholasRakestraw,0,2025-04-08T03:30:40Z
oMNvQzwQTCc,"I remember that game and he wasn't even trying, it was annoying to watch.",@ArtistDanez90,0,2025-04-05T05:12:56Z
oMNvQzwQTCc,LOVELY ! Engage,@supernickky_OluwaShineOn,1,2025-04-03T18:40:41Z
oMNvQzwQTCc,How America reports a news,@darkbarbarian4224,0,2025-04-01T18:08:48Z
oMNvQzwQTCc,The third clip girl is hot ğŸ”¥ ğŸ¥µ ğŸ˜,@theivz7942,0,2025-03-31T11:37:59Z
oMNvQzwQTCc,I Agree That Neymar Is Better Then All Of Them And He Was Going Easy But You See For This Stuff You Guys Show The Best Male Clips And The Worst Female Clips And Say Their Both Normal Like Show A Normal Female Clip And A Normal Male Clip Or A Bad Of Both Or Good Of Both,@LokisBeam,1,2025-03-30T10:37:58Z
oMNvQzwQTCc,Nobody goes to watch women play football because they like football.,@sicks6six,1,2025-03-26T16:10:44Z
oMNvQzwQTCc,It's Sunday League. He would do that to average guys as well.,@liamengram6326,0,2025-03-25T19:46:59Z
oMNvQzwQTCc,Y'all so sexist bro,@marcellusrobinson-cv8yu,0,2025-03-24T20:32:08Z
oMNvQzwQTCc,stupid a@@ robot ai voice ruined whole short,@OnlyOriginalSongs,0,2025-03-24T07:09:38Z
oMNvQzwQTCc,If neymar played this in March his sister would kill him ğŸ˜‚ğŸ˜‚ğŸ˜‚ğŸ˜‚,@srivatsputtasrivatsaputta2914,0,2025-03-24T02:24:28Z
oMNvQzwQTCc,its just a fact female vs male footballers feamle team get slaughtered,@merlijnbal221,1,2025-03-23T15:55:12Z
oMNvQzwQTCc,â¤â¤ğŸ‰â¤ğŸ‰â¤ğŸ‰â¤ğŸ‰â¤,@Cr7football-j1t,0,2025-03-20T09:01:01Z
oMNvQzwQTCc,If he went all out it would have been more like 22-1,@cosmicexplosives,1,2025-03-18T11:42:25Z
oMNvQzwQTCc,trying soooo hard to holding back,@ajirizawa5743,1,2025-03-17T17:11:36Z
oMNvQzwQTCc,"Neymar stop running away from them, let them catch you. That's the point. ğŸ¤£ğŸ¤£",@marcingluszek7564,0,2025-03-17T06:24:58Z
oMNvQzwQTCc,There's also a this 15 years old teens who scored 7-0 to top five Australia female football team.,@allfenom,1,2025-03-16T17:41:45Z
oMNvQzwQTCc,what bullshit did i just watch?,@hoebertrabeck1621,0,2025-03-16T16:04:12Z
oMNvQzwQTCc,You mean soccer players,@superman_cam_32_yt78,0,2025-03-16T12:06:47Z
oMNvQzwQTCc,These comments prove that Men see women with just lust.,@IAmNot-Everywhere-,0,2025-03-16T01:56:26Z
oMNvQzwQTCc,Neymar can only beat women anyway!!! Average Brazilian talent,@dynamite_luis3937,0,2025-03-15T21:57:06Z
oMNvQzwQTCc,"Lol I saw recently people say that if Messi went trans , that he WOULDN'T be able to score 20 points on the women's soccer teams ğŸ˜‚ğŸ˜‚ğŸ˜‚ğŸ˜‚

Yal be losing 7-0 against kids, and 12-0 to a mix of retired soccer pros , Yal ain't built like that. Serena Williams ranks maybe top 2000 among men, all them WNBA players can get balled on my reg dudes who play ball after their shift ends ğŸ’ªğŸ½",@MeAndMyOpinions_OverYours,0,2025-03-13T09:31:26Z
oMNvQzwQTCc,Silly little pitch to demonstrate abilitys,@neiltitmus9744,0,2025-03-12T21:56:34Z
oMNvQzwQTCc,Well he's a pro footballer who gets paid millions of dollars. Obviously he would make a difference in the game,@snois2,0,2025-03-11T03:28:39Z
oMNvQzwQTCc,Out play them all ğŸ‘€ğŸ”¥,@Zypher_0770,0,2025-03-10T20:57:48Z
oMNvQzwQTCc,as a brazillian (Iâ€™m also chillean bc the pfp) Neymar is ass.,@livyyxoxo,0,2025-03-09T08:03:36Z
oMNvQzwQTCc,If ronaldinho was their or Zlatan ğŸ˜‚,@PrimeEditzX11,0,2025-03-09T02:14:12Z
oMNvQzwQTCc,"neymar went easy, if he would try just a bit, it would be 78-1",@mamardashvilibestgk,0,2025-03-08T15:31:34Z
oMNvQzwQTCc,Fr,@FFOT-d8p,0,2025-03-04T00:30:04Z
oMNvQzwQTCc,Prime neymar ğŸ«¡,@aydin_2006,0,2025-03-02T19:18:17Z
oMNvQzwQTCc,"not trying to be misogynistic, but men are better at physical work than women factually. Men are biologically designed to be stronger than women physically.",@innerverse7769,0,2025-03-02T12:26:38Z
oMNvQzwQTCc,1k subk complete ğŸ’¯âœ… Thank you Friends.,@rahulsaikiavlogs8707,0,2025-02-28T04:33:14Z
oMNvQzwQTCc,nah one soccer guy vs 11 scary soccer players,@Shadowslayer191,0,2025-02-28T01:52:50Z
oMNvQzwQTCc,GYAAAAAAAAAT,@dcmax2160,0,2025-02-25T20:27:29Z
oMNvQzwQTCc,neuron activation,@dcmax2160,0,2025-02-25T20:25:59Z
oMNvQzwQTCc,â¤,@adayinourlives01,0,2025-02-25T17:51:23Z
oMNvQzwQTCc,And they need equal payğŸ˜‚,@theforgottenlegendz,0,2025-02-25T05:06:32Z
oMNvQzwQTCc,what is the name of the girl after alisha lehmann,@sneaklesschannel5294,1,2025-02-13T13:34:01Z
oMNvQzwQTCc,"That is not 11 a side football.
Small pitch.
Small goals.
Disingenuous video.
Yes he ran all over them. But the men vs. women videos and commentary need to start telling the truth.",@finch2213,0,2025-02-13T04:56:40Z
oMNvQzwQTCc,First clip: GYATTTTTTTTTTT!!!!!!!,@your_mom-_-dezz,0,2025-02-11T02:15:43Z
oMNvQzwQTCc,"If I was there, it would be a game with 3 balls for those women.",@KTO_HUBLOT,0,2025-02-10T13:21:01Z
oMNvQzwQTCc,0:02 don't judge a book by its cover ğŸ˜…ğŸ˜Š,@Marko2266-e6u,0,2025-02-09T09:40:30Z
oMNvQzwQTCc,How many times did he dive?,@Primitive_Code,0,2025-02-08T21:20:25Z
oMNvQzwQTCc,OSVALDO,@OsbaldoAcuÃ±a-j3m,0,2025-02-08T17:45:28Z
oMNvQzwQTCc,name of bgm,@AbidEfoot2023,0,2025-02-08T11:06:48Z
oMNvQzwQTCc,Its 5 v 5 mf,@MuhammedsameerMujeebrahman,0,2025-02-06T07:16:27Z
oMNvQzwQTCc,https://youtu.be/7A0S_la1G_o?si=A0xtZJrhnVwmcVYa,@Aashansaram,0,2025-02-06T06:29:59Z
oMNvQzwQTCc,not saying women and men are comparable in football but Neymar does this shit to guys too ğŸ˜‚ he's different,@calebmhorvath,0,2025-02-06T03:09:06Z
oMNvQzwQTCc,â€œYou never would have expected what happened nextâ€ I miss non Ai commentators,@Chainz_Fr,1,2025-02-05T08:23:54Z
oMNvQzwQTCc,Bcz they are puÃŸÃŸy,@CYJOHN_EDITS,0,2025-02-02T14:37:17Z
oMNvQzwQTCc,"Women football ballers hot without playing a game, Ronaldo Messi and Newmarket dribbling fire.",@samuelakande4103,0,2025-01-31T18:09:06Z
oMNvQzwQTCc,"You don't need Neymar for that, a third division player will do.",@SuperBall-l9k,0,2025-01-31T03:02:52Z
oMNvQzwQTCc,He always wants to be centre of attraction... that'swhy for many times just for show off and be telecasted on screen  he shows his bad attitude.. otherwise he is such an amazing player âš½,@manalipriyadarshini9387,1,2025-01-28T14:05:36Z
oMNvQzwQTCc,God jesus died on the cross for our sins God raised up jesus on the third day amen,@DionteWashington-y1c,1,2025-01-28T12:55:00Z
oMNvQzwQTCc,whats the name of the first soccer player shown in the video,@jonathanguadarrama8398,0,2025-01-27T02:19:13Z
oMNvQzwQTCc,Neymar in the supermarket staring at cake!,@DillonAshman-e6g,0,2025-01-25T03:57:33Z
oMNvQzwQTCc,1v11?,@Vynear,0,2025-01-21T20:12:29Z
oMNvQzwQTCc,Same thing that happens when he plays men,@silat13,0,2025-01-16T11:02:41Z
oMNvQzwQTCc,"Why are so many of yall being so rude about women v boys???? The video kindly had no strong opinion in this video, but I canâ€™t say the same for these comments. Stop comparing and saying men are better and saying Neymar went easy???",@EvaRC16,2,2025-01-15T23:01:21Z
oMNvQzwQTCc,Bro got bored ğŸ’€,@DylandAguilar-fo6bi,0,2025-01-15T01:43:00Z
oMNvQzwQTCc,"Hi Tom,

I really appreciate the efforts you made on this video.

I had an exam but it went horrible I literally wrote very bad in it. I am a topper student. It seems impossible for me to be a topper this time.

Can I manifest, also give me some tips as my results are near.

Thanks",@ZainUlAbedin-l4l,0,2025-01-13T21:29:04Z
oMNvQzwQTCc,Neymar jr wasnâ€™t trying if he tried 30-0,@Imnotgay-x5u,0,2025-01-12T14:44:57Z
oMNvQzwQTCc,why do women shots have to be shorter then men? is it to sell more tickets . Or is it bc of their fat legs and longer shorts proventthem from running properly?,,0,2025-01-11T09:37:14Z
oMNvQzwQTCc,Like menâ€™s are better than women on playing football but still respect,@SC_923,0,2025-01-10T09:59:18Z
oMNvQzwQTCc,@Supersoccer-r9n,@Turkeytag,0,2025-01-05T20:05:29Z
oMNvQzwQTCc,Neymar barely did anything. The one time he went for it he scored instantly.,@nathantagg2691,0,2025-01-05T12:07:37Z
oMNvQzwQTCc,You can dribble in soccer?,@personse6wx,0,2025-01-04T18:31:56Z
oMNvQzwQTCc,Hi I quit,@franciscovizcarra3167,0,2025-01-03T23:03:07Z
oMNvQzwQTCc,Not surprisedğŸ’€,@maxneilson5191,0,2024-12-31T14:12:42Z
oMNvQzwQTCc,neymar destroyed feminism,@rakyatbiasa7776,0,2024-12-30T09:38:14Z
oMNvQzwQTCc,What do you mean it wasn't expected it was goddamn expected broğŸ˜‚,@Whiteitadori,0,2024-12-29T11:44:46Z
oMNvQzwQTCc,11 female footballers get pregnant after this match,@peterjames232,0,2024-12-28T17:46:53Z
oMNvQzwQTCc,"Amigo no se si realmente el video es tuyo o si solo lo resubiste pero soy un buen espectador , si es tuyo el video arregla el asunto con este canal que te roba https://youtube.com/shorts/oMNvQzwQTCc?si=X9yNuwXTm9GzgoL4",@ronivizo7042,0,2024-12-28T10:04:12Z
oMNvQzwQTCc,They end in Neymar Bed,@rushakgaming9732,0,2024-12-24T14:03:37Z
oMNvQzwQTCc,ğŸ˜‚I'd rather look at their sexy figure than at theirs football,@ĞŸÑ€Ğ Ğ¾-ÑŠ6Ğ±,0,2024-12-23T17:04:42Z
oMNvQzwQTCc,cheeks!!,@98sniff,0,2024-12-22T12:21:40Z
oMNvQzwQTCc,BS description. See the other footballers dressed in blue? See the teams in the scoreline? Neymar + juniors v Brazil seniors It wasn't Neymar v women. It was women v women and Neymar.,@kevinmcinerney1959,0,2024-12-21T16:53:00Z
oMNvQzwQTCc,That's awesome. These women are true superstars. So when I say this I say it humbly but it also needs to be said (in today's society) - a man does not play against a woman the way he plays against a man. With that out the way. Great job ladies. Y'all are all better than me. And you're there for a reason. ğŸ’“,@Happy-nu2je,0,2024-12-19T11:59:38Z
oMNvQzwQTCc,Meanwhile SonğŸ¥¶ vs 100 women,@deadlycreeper3016,1,2024-12-19T02:08:56Z
oMNvQzwQTCc,â¤ğŸ˜®ğŸ˜ŠğŸ˜…,@sebastianbystrom3492,1,2024-12-15T17:45:33Z
oMNvQzwQTCc,Neymar Jr is a wonder kid,@GiggsProwler,1,2024-12-12T23:31:44Z
oMNvQzwQTCc,With bbls,@Ryder-k1r,0,2024-12-12T12:09:28Z
oMNvQzwQTCc,Neymar wins thats what happens,@Ollieblue999,1,2024-12-11T10:06:24Z
oMNvQzwQTCc,The first second gyaaaaaaaaaaaaaat,@Yo213-r5w,0,2024-12-10T20:46:36Z
oMNvQzwQTCc,They ain't even doing anything,@wabbysnabYT,0,2024-12-10T07:47:32Z
oMNvQzwQTCc,Soccerballer,@TETORIZE,0,2024-12-09T21:20:44Z
oMNvQzwQTCc,Neymar Junior everybody â¤,@Sports-5w,0,2024-12-07T04:25:06Z
oMNvQzwQTCc,The thing thats weird because I was born in 2018,@terevaldez6317,0,2024-12-06T06:08:44Z
oMNvQzwQTCc,Like if you like football,@JJ20134,0,2024-12-05T20:45:44Z
oMNvQzwQTCc,"""Shocking"" 

Youtube please ban this AI shit",@gamesarelegends3473,1,2024-12-04T06:23:29Z
oMNvQzwQTCc,who is the blondie,@juanaponte1339,0,2024-11-30T23:01:59Z
oMNvQzwQTCc,"Neymar showed respect,, thats it..otherwise they would be toyed forsure.",@boiii7400,0,2024-11-28T15:46:12Z
oMNvQzwQTCc,Neymar qualified being a female player ğŸ˜‚ğŸ˜‚ğŸ˜‚,@gslmoo9986,0,2024-11-26T17:01:35Z
oMNvQzwQTCc,Girls who play soccer be the baddest.,@joseelmarijuano8794,1,2024-11-26T01:12:26Z
oMNvQzwQTCc,Damn that woman with a number 4 Carolina bib at the beginning of the video is really beautiful. Her whole body is sublime. Who is she? Her name?,@marcuselvard5922,0,2024-11-24T12:53:12Z
oMNvQzwQTCc,"""Showed his mind blowing dribbling skills"" I'll bet he did. And they only won 2-1? I guess he didn't feel like diving for a penalty more than 2 times that day.",@Sou1defiler,0,2024-11-22T06:01:53Z
oMNvQzwQTCc,Wow nice,@AloiseJord,0,2024-11-21T04:44:55Z
oMNvQzwQTCc,Neymar has great skills to win this,@FunnyFlix-astro,0,2024-11-17T12:20:56Z
oMNvQzwQTCc,Navy blue jersey blonde footballer whatâ€™s her @,@Anyichie,0,2024-11-16T15:17:10Z
oMNvQzwQTCc,He seems like a cool dude and well respectful to everyone. Very nice ğŸ‘,@AdamAlva,0,2024-11-12T18:32:30Z
oMNvQzwQTCc,"Iâ€™m being honest he is my favourite footballer bro. I mean, like out of all of them donâ€™t include Messi or Ronaldo but Neymar is.ğŸ˜‚ğŸ˜‚ğŸ˜‚â¤â¤â¤â¤â¤â¤",@afshanrani5498,0,2024-11-11T22:16:50Z
oMNvQzwQTCc,neymar literally played the whole game trying not to even touch the women and still won lmao,@G4Master96,0,2024-11-11T12:50:03Z
oMNvQzwQTCc,Neymar was playing like against kids,@tamimsalib1544,0,2024-11-09T08:16:20Z
oMNvQzwQTCc,Bro i love Alisha Lehman ğŸ˜…ğŸ˜…ğŸ˜… she got cake for sure ğŸ¤¤ğŸ¤¤ğŸ¤¤ğŸ¤¤,@vanshpilania7777,0,2024-11-08T13:38:15Z
oMNvQzwQTCc,Money ruined this manğŸ˜¢ğŸ˜¢ğŸ˜¢,@Incognitomodeon10,0,2024-11-08T07:16:23Z
oMNvQzwQTCc,Boring,@LesBattersby1504,0,2024-11-03T19:18:58Z
oMNvQzwQTCc,"Gee wiz, he was a better player. What a surprise.",@simonbundee8588,0,2024-11-02T06:07:58Z
oMNvQzwQTCc,They lost 2-1,@hk-gaming1653,0,2024-11-01T22:48:32Z
oMNvQzwQTCc,He definitely was not trying ğŸ˜‚ğŸ˜‚,@Joseftompkins,0,2024-10-31T13:57:00Z
oMNvQzwQTCc,Not Good Among Women,@MollaAyele,0,2024-10-31T08:47:16Z
oMNvQzwQTCc,We all came for the blonde with the shorts.,@ninjachannel007,0,2024-10-27T16:54:36Z
oMNvQzwQTCc,Equal pay !!,@Avara_Masiha,0,2024-10-26T12:57:59Z
oMNvQzwQTCc,"A guy said that Neymar wasnâ€™t getting so bored dribbling against them, so he stopped trying after he made a goal",@molimauiaulualo,0,2024-10-25T16:47:09Z
oMNvQzwQTCc,It's not humiliate 'cause he congratulates themafter,@williamguimond176,0,2024-10-24T03:46:19Z
oMNvQzwQTCc,Only confirming what everyone knows.  Serena Williams admitted if she played a top 50 ranked men's player she'd lose 6-0 every set,@johnszczerba9979,1,2024-10-23T02:37:29Z
oMNvQzwQTCc,That could cause dangerous injuries to the girls,@diyoptics1387,0,2024-10-22T14:48:34Z
oMNvQzwQTCc,Neymar didnâ€™t even try. Watch the match. This video is dumb.,@GET2222,0,2024-10-20T19:35:39Z
oMNvQzwQTCc,And the results where shocking lol,@JavierHenriquez-f7j,0,2024-10-20T17:58:44Z
oMNvQzwQTCc,Feminists have been real quiet since this dropped.,@royhay5741,1,2024-10-20T12:41:08Z
oMNvQzwQTCc,Girls took her revenge at the same nightğŸ˜‚ğŸ˜‚ğŸ˜‚ğŸ˜‚,@avinashsharma4114,0,2024-10-20T05:58:16Z
oMNvQzwQTCc,"Imagine if Ramos, CR7, Yashin, Roberto Carlos, Messi, Pepe, Maldini, Ibrahimovic Would be there with Neymar â˜ ï¸â˜ ï¸ğŸ˜ˆğŸ˜ˆğŸ’€ğŸ’€",@AritraChatterjee980,0,2024-10-19T12:08:23Z
oMNvQzwQTCc,That's why they must have different bathrooms.,@mu86neer,0,2024-10-19T04:12:06Z
oMNvQzwQTCc,I was born in 2018,@MuhammedRayan-g1o,0,2024-10-18T16:20:38Z
oMNvQzwQTCc,Now comparing futsal to an actual game is a lot different.,@hamisulaye3053,0,2024-10-18T03:38:16Z
oMNvQzwQTCc,fake ! he was playing with other female 5vs5,@cronus1822,0,2024-10-16T15:57:11Z
oMNvQzwQTCc,Gyatt,@MinisottaQueenslander,0,2024-10-16T13:50:42Z
oMNvQzwQTCc,ale ladne pilkarki,@FranekCyganek25,1,2024-10-13T08:05:06Z
oMNvQzwQTCc,Imagine being so good that you did 1v11 and won but people still say you were holding back lolğŸ˜‚,@NarugoatEditz,0,2024-10-12T15:26:01Z
oMNvQzwQTCc,Ass girl first,@Rash7editz,1,2024-10-10T17:07:52Z
oMNvQzwQTCc,Neymar was fighting two wars at the same time,@b1zvrr3,0,2024-10-10T15:54:58Z
oMNvQzwQTCc,"Easy ! I'm girl, i play football, and i agree Everyone, Football is not woman's sport !",@someoneFromMars-l7k,0,2024-10-09T17:36:31Z
oMNvQzwQTCc,"LW            CR7                           RW
NEYMAR                              MESSI

CM                                             CM
ZIZOU            CDM           MODRIC
                   GATTUSO


LB          CB                CB         RB
R.C      Maldini    S.Ramos   Cafu
                           GK
                        Yashin


U DECIDE THE BENCH",@Lucas-672,1,2024-10-07T14:05:54Z
oMNvQzwQTCc,"Next video: ""Neymar slept with all 11 girls""",@Qxinlayy,1,2024-10-07T13:52:56Z
oMNvQzwQTCc,gyatt,@avonleakrueger8317,0,2024-10-06T20:31:12Z
oMNvQzwQTCc,Bruh i thought he was going to play against Lehman,@FKR35,0,2024-10-06T14:20:08Z
oMNvQzwQTCc,"Enter CR7 vs 15 female footballers
*fulltime* how much was the score?
10-0 CR7 wins",@jeverinreinzo5365,0,2024-10-06T08:19:13Z
oMNvQzwQTCc,"NeymarğŸ·ğŸ—¿
ShadowğŸ—¿
The song ğŸ—¿
The creator ğŸ—¿
The instrumental ğŸ—¿
The viewers ğŸ—¿
The song listener ğŸ—¿
The saver of the song ğŸ—¿
The one who added this song to his playlist ğŸ—¿
The one who got motivated and went to the gym after listening to this masterpiece ğŸ—¿
The whole gym ğŸ—¿
All the gym equipment, including the mats ğŸ—¿
The gym shoes ğŸ—¿
The one who played this at the gym ğŸ—¿
The jar of whey powder ğŸ—¿
The steroids ğŸ—¿
The motor fiber bundle ğŸ—¿
The gymbro's blood cells ğŸ—¿
The mitochondria inside the blood cells ğŸ—¿
The oxygen atoms helping the gymbros breathe ğŸ—¿
The chest pump ğŸ—¿
All who listen to it ğŸ—¿
All who get more excited to do more reps ğŸ—¿
The veins and arteries ğŸ—¿
The nerves of the body ğŸ—¿
The blood streaming at the speed of light after hearing this ğŸ—¿
The adrenaline rushing through every gymgoer ğŸ—¿
The neurons firing to pump more weight ğŸ—¿
The protein shakes ğŸ—¿
The creatine ğŸ—¿
The bench press ğŸ—¿
The squat rack ğŸ—¿
The dumbbells ğŸ—¿
The pull-up bars ğŸ—¿
The entire ecosystem of the gym ğŸ—¿
The gym membership ğŸ—¿
The gains ğŸ—¿
The comments ğŸ—¿
The energy drink bought before hitting the gym ğŸ—¿
The shaker bottle ğŸ—¿
The shaker bottle cap ğŸ—¿
The thoughts while writing this ğŸ—¿
My hands while typing this ğŸ—¿
The keyboard ğŸ—¿
The emoji ğŸ—¿
The alphabets ğŸ—¿
The digits ğŸ—¿
YouTube ğŸ—¿
Thumbnail ğŸ—¿
The upload button ğŸ—¿
The notification bell ğŸ—¿
The playlist this masterpiece is saved in ğŸ—¿
The recommended section ğŸ—¿
The views ğŸ—¿
The likes ğŸ—¿
The shares ğŸ—¿
The subscribers ğŸ—¿
The community tab ğŸ—¿
The polls ğŸ—¿
The comments on the polls ğŸ—¿
The description box ğŸ—¿
The links to the song ğŸ—¿
The subtitles ğŸ—¿
The people watching this on their phone ğŸ—¿
The people watching this on their desktop ğŸ—¿
The people watching this in the gym ğŸ—¿
The Wi-Fi connection ğŸ—¿
The 4G and 5G towers helping stream this song ğŸ—¿
The airwaves ğŸ—¿
The sound waves ğŸ—¿
This comment ğŸ—¿
Those who like this comment ğŸ—¿
Those who comment on this ğŸ—¿
Those who start a convo in this comment ğŸ—¿
The replies to this comment ğŸ—¿
The notifications when this comment gets likes ğŸ—¿
Those who read every comment on this video ğŸ—¿
Those who watch this video over and over ğŸ—¿
Those who shared this video with their friends ğŸ—¿
The air while I was breathing ğŸ—¿
The atoms ğŸ—¿
The molecules ğŸ—¿
The electrons ğŸ—¿
The photons that make the screen light up ğŸ—¿
Everything that has the potential to exist and identify this song ğŸ—¿
The astronomical reactions when this song is played ğŸ—¿
The stars ğŸ—¿
The sun ğŸ—¿
The solar system ğŸ—¿
The Milky Way galaxy ğŸ—¿
The universe ğŸ—¿
Parallel universes ğŸ—¿
The multiverse ğŸ—¿
Those aliens from parallel universes when listening to this ğŸ—¿
Their spaceship ğŸ—¿
Their technology ğŸ—¿
The signals they send when they find this song ğŸ—¿
The black holes ğŸ—¿
The idea I got when writing this ğŸ—¿
The infinite void ğŸ—¿
Those who have the hearing ability to listen to this song ğŸ—¿
Those who acknowledge me for trying to write this myself ğŸ—¿
Those who have listened to this masterpiece ğŸ—¿
The DNA ğŸ—¿
The genetic code ğŸ—¿
The cell nuclei ğŸ—¿
The chromosomes ğŸ—¿
The entirety of human evolution ğŸ—¿
The Big Bang ğŸ—¿
The quantum field ğŸ—¿
The quarks ğŸ—¿
The gluons ğŸ—¿
Dark matter ğŸ—¿
The universe expanding because of this song ğŸ—¿
All laws of physics ğŸ—¿
Einstein's theory of relativity ğŸ—¿
Newton's laws ğŸ—¿
Quantum mechanics ğŸ—¿
The fourth dimension ğŸ—¿
Time itself bending around this song ğŸ—¿
God ğŸ—¿
Reality and all unreality ğŸ—¿
The matrix ğŸ—¿
Simulation theory ğŸ—¿
Everything known and unknown ğŸ—¿
God gave existence to this song in dimension ğŸ—¿
The entire cosmos ğŸ—¿
The planets ğŸ—¿
The aliens vibing to this track ğŸ—¿
Those who appreciate the genius behind this song ğŸ—¿
The birds flying to the rhythm of the beat ğŸ—¿
Every living creature ğŸ—¿
The nebula series ğŸ—¿
The stars twinkling in response to the melody ğŸ—¿
All galaxies ğŸ—¿
All celestial bodies ğŸ—¿
The cosmic dust ğŸ—¿
The gravity that holds everything together ğŸ—¿
The subatomic particles ğŸ—¿
The atoms that make up this comment ğŸ—¿
Me ğŸ—¿
You ğŸ—¿
Your family ğŸ—¿
Your friends ğŸ—¿
Those reading this comment right now ğŸ—¿
People who like this comment ğŸ—¿
Those who reply to this comment ğŸ—¿
The sigmas who think they are sigmas ğŸ—¿
The gigachads who dominate the comment section ğŸ—¿
All the gymrats ğŸ—¿
Mr. Beast followers ğŸ—¿
All the YouTubers ğŸ—¿
The YouTube algorithm ğŸ—¿
Average phonk user ğŸ—¿
The FINAL BOSS ğŸ—¿
All your skills ğŸ—¿
The people ğŸ—¿
The city you live in ğŸ—¿
The country ğŸ—¿
The continent ğŸ—¿
The whole planet ğŸ—¿
The solar system ğŸ—¿
The multiverse ğŸ—¿
Your food ğŸ—¿
Your pet ğŸ—¿
The food your pet eats ğŸ—¿
The bowl your pet eats from ğŸ—¿
People who like this comment ğŸ—¿
People who subscribe to my channel ğŸ—¿
Those who appreciate true art ğŸ—¿
This took me 1 hour ğŸ—¿
Please subscribe to me ğŸ—¿
Please pin me ğŸ—¿
---",@eyglojohannesdottir5256,1,2024-10-05T15:08:01Z
oMNvQzwQTCc,I didnt hear a word said after the first girl,@VulcanM61,0,2024-10-03T16:37:06Z
oMNvQzwQTCc,Neymar dps desse jogo curtiu bastante kkkkkk,@MiguelVargas-iq8sj,0,2024-10-02T01:53:18Z
oMNvQzwQTCc,Women and men are just the same way equal at fooball men are not betterğŸ˜‚,@Baynaynay,0,2024-10-01T15:35:13Z
oMNvQzwQTCc,"What happens when Neymar plays against a team of 11 female players?

11 child support requests.",@DizzyMakavelli,0,2024-10-01T11:58:51Z
oMNvQzwQTCc,I want background music of this video if anyone knows please reply me,@rohitwani6082,0,2024-10-01T07:17:27Z
oMNvQzwQTCc,"Probably because he wasnt being physical at all, its just the instinct of a good man to do that",@m1ru123,0,2024-09-28T23:40:56Z
oMNvQzwQTCc,The Magician.,@TheHonoredBacon,0,2024-09-28T18:05:26Z
oMNvQzwQTCc,Neymar doesn't smile and laugh when he's playing serious.,@sonofnumenor6683,0,2024-09-28T10:42:12Z
oMNvQzwQTCc,Ah like Shea she super beautiful,@KingNegus-b5m,0,2024-09-27T21:30:18Z
oMNvQzwQTCc,Neymar in menâ€™s football will destroy themğŸ˜‚ğŸ’€,@lgwise9537,0,2024-09-26T10:04:12Z
oMNvQzwQTCc,Why would it be unexpected that neymar would beat women? Lol,@duznygeyafock,0,2024-09-24T14:44:07Z
oMNvQzwQTCc,Neymar is goatğŸ˜ŠğŸ˜ŠğŸ˜Šâ¤â¤â¤,@footballspotlightneymar,0,2024-09-23T17:16:06Z
oMNvQzwQTCc,They should do one where CR7 LM 10 and NJ 10 goes against women,@Jomichael-h1r,0,2024-09-22T18:54:23Z
oMNvQzwQTCc,Sonâ˜ ï¸ğŸ—¿,@Al_Sight,0,2024-09-22T10:39:18Z
oMNvQzwQTCc,"Someone : where is the team
Neymar : I'm the teamğŸ’€",@inbainbazhagan134,0,2024-09-17T01:40:02Z
oMNvQzwQTCc,He was just trolling,@Negan121,0,2024-09-16T22:23:39Z
oMNvQzwQTCc,And you're point is,@christopherflynn8603,0,2024-09-13T15:05:08Z
oMNvQzwQTCc,2x1 in the match and then he banged all the female team after match,@RTPJu,0,2024-09-13T07:01:40Z
oMNvQzwQTCc,"""Against a team of 10 female footballers. Against a team of 11 female footballers""",@shinzyReal,0,2024-09-12T19:34:59Z
oMNvQzwQTCc,So embarrassing to be a girl sometimes,@HalfMoonshine,0,2024-09-10T01:09:09Z
oMNvQzwQTCc,Neymar  teamğŸ˜‚,@Uzumaki_naruto452,0,2024-09-09T10:57:20Z
oMNvQzwQTCc,What is the song playing in the background?,@ReticentXS,1,2024-09-08T20:40:16Z
oMNvQzwQTCc,ğŸ˜‚ğŸ˜‚,@Ronaldooneupdates,0,2024-09-08T17:01:47Z
oMNvQzwQTCc,Neymar was just playing friendly,@amrinwajih6763,0,2024-09-08T10:01:46Z
oMNvQzwQTCc,Women lost any soccer games they played against men,@global.citizens,0,2024-09-07T22:01:18Z
oMNvQzwQTCc,Gender is all the same. Rheeeee!,@YAndy529,0,2024-09-07T18:43:29Z
oMNvQzwQTCc,Go neymar junior go you are the best,@mutuajoseph3853,0,2024-09-06T20:16:13Z
oMNvQzwQTCc,Oh my god who is the second girl in the video? In red shirt,@Kingmakerrr1337,0,2024-09-06T17:48:47Z
oMNvQzwQTCc,POV me before the video starts: 17-0 IM CALLING IR NEYMAR WINNING,@AidoMappepe,0,2024-09-03T08:35:27Z
oMNvQzwQTCc,Neymar used 0.01% Brazilian blood to avoid destroying them ğŸ’€,@dcgaming6939,0,2024-09-02T07:52:48Z
oMNvQzwQTCc,Bro Neymar played alone and winned nah he is better then Ronaldo for sure,@Oluffy313,0,2024-09-02T05:48:00Z
oMNvQzwQTCc,This is not football,@MM3HD,0,2024-09-01T14:35:49Z
oMNvQzwQTCc,Hi I mean hi,@WE_LUV_WYNTER.2,0,2024-09-01T12:49:45Z
oMNvQzwQTCc,He wasnâ€™t rollâ€™in!ğŸ˜‚,@incognitobrown7782,0,2024-08-31T14:21:49Z
oMNvQzwQTCc,I know everyone paused at Red dress girl while she pulling her T-Shirt,@Rohittiwari14,0,2024-08-31T10:15:20Z
oMNvQzwQTCc,Leahmann ğŸ¥µ,@Jhonmaster3130,0,2024-08-30T20:50:03Z
oMNvQzwQTCc,Trust me we where not shocked,@heyitsgabriel6965,1,2024-08-30T17:59:04Z
oMNvQzwQTCc,Whatttt. How did Neymar win. The females maybe were just not good.,@darthdart3360,0,2024-08-30T11:28:19Z
oMNvQzwQTCc,ladies first neymar said haha,@danielk.w8626,0,2024-08-29T23:16:09Z
oMNvQzwQTCc,"Shea oâ€™rourke is goodlooking, more goodlooking than Neymar if I must be honest",@nooben-g4t,0,2024-08-29T12:42:58Z
oMNvQzwQTCc,What is this tiny football field? Neymar mustn't even have broken a sweat,@ValkyrieXI2,0,2024-08-29T09:52:11Z
oMNvQzwQTCc,"""10 female footballers"" ok who were they? A professional team? A casual team? So much misinformation",@__Rey03__,0,2024-08-28T10:08:13Z
oMNvQzwQTCc,gyat,@dorafan2260,0,2024-08-27T22:15:53Z
oMNvQzwQTCc,"How is this shocking, we all saw this shocking smh",@erikramirez2182,0,2024-08-27T06:47:31Z
oMNvQzwQTCc,No.. it was pretty much what i expected..,@Sean-om7qf,0,2024-08-26T16:19:15Z
oMNvQzwQTCc,The United States women won the World Cup and then proceeded to lose 9 to 0 a bunch of 14-year-old Spaniards,@AProfilename,0,2024-08-26T03:26:16Z
oMNvQzwQTCc,Carolina number 4 got my eyes ğŸ˜®ğŸ˜®ğŸ˜®ğŸ˜® wow good in all.gje places,@symoreprimus2303,0,2024-08-25T15:18:34Z
oMNvQzwQTCc,He didn't want to score he was training with his skills,@ImitazAhmad-h3x,0,2024-08-25T08:18:24Z
oMNvQzwQTCc,Pov ney holding back,@ScottLayden-s4f,0,2024-08-24T20:00:27Z
oMNvQzwQTCc,Neymar showing world why Men and Women are not equal,@DieselBullet666,0,2024-08-24T11:46:01Z
oMNvQzwQTCc,Shocking?  He was just playing around with those girls!!!,@richlo8887,0,2024-08-24T05:19:32Z
oMNvQzwQTCc,gyaaaat,@DavidTheri-m8r,0,2024-08-24T01:32:43Z
oMNvQzwQTCc,Idk how many times i seen the beginning ğŸ˜‚ğŸ˜‚ğŸ˜‚,@Prodiga1Son,1,2024-08-22T14:59:59Z
